Title,Publisher,Author,Year
"500 Social Media Marketing Tips: Essential Advice, Hints and Strategy for Business: Facebook, Twitter, Instagram, Pinterest, LinkedIn, YouTube, Snapchat, and More!","<a href=""/s/?q=%5BAndrew+Macarthy%5D"" title=""Publisher"">[Andrew Macarthy]</a>",Andrew Macarthy,2017
"The Power of Visual Storytelling: How to Use Visuals, Videos, and Social Media to Market Your Brand","<a href=""/s/?q=McGraw-Hill"" title=""Publisher"">McGraw-Hill</a>","Ekaterina Walter, Jessica Gioglio",2014
"Social Media Strategy: Marketing, Advertising, and Public Relations in the Consumer Revolution","<a href=""/s/?q=Rowman+%26+Littlefield+Publishers"" title=""Publisher"">Rowman &amp; Littlefield Publishers</a>",Keith Quesenberry,2018
"Social Media Marketing Mastery (2 Manuscripts in 1): The Ultimate Practical Guide to Marketing, Advertising, Growing Your Business and Becoming an Influencer ... with Facebook, Instagram, Youtube and More","<a href=""/s/?q=Gary+Clyne"" title=""Publisher"">Gary Clyne</a>",Clyne Gary,2019
"Storytelling: Manipulation of the Audience - How to Learn to Skyrocket Your Personal Brand and Online Business Using the Power of Social Media Marketing, Including Instagram, Facebook and YouTube",nan,Daniel Anderson,2019
"SOCIAL MEDIA MARKETING AND ONLINE BUSINESS 2021: Beyond 2020! Rise to the top of the Main eCommerce Platforms Using the Most Unscrupulous and Winning Tactics of Instagram, YouTube & Facebook.",nan,ALLAN KANE,2020
"Social Media Marketing 2021-22: Beginner's Guide to Making Money Online. Become a Successful Influencer Through Youtube, Twitter, Facebook, Instagram and Linkedin Algorithms. Start Your Passive Income","<a href=""/s/?q=Independently+published"" title=""Publisher"">Independently published</a>",Digital Business Academy [Digital Business Academy],2021
"Content Rules: How to Create Killer Blogs, Podcasts, Videos, Ebooks, Webinars (and More) That Engage Customers and Ignite Your Business (New Rules Social Media Series) (Scanned PDF)","<a href=""/s/?q=Wiley"" title=""Publisher"">Wiley</a>","Ann Handley, C.C. Chapman",2010
"The B2B social media book: become a marketing superstar by generating leads with blogging, LinkedIn, Twitter, Facebook, email, and more","<a href=""/s/?q=Wiley"" title=""Publisher"">Wiley</a>","Kipp Bodnar, Jeffrey L. Cohen",2012
Social Media Marketing All-in-One For Dummies,"<a href=""/s/?q=John+Wiley+%26+Sons"" title=""Publisher"">John Wiley &amp; Sons</a>","Jan Zimmerman, Deborah Ng",2017
Ten Arguments For Deleting Your Social Media Accounts Right Now,"<a href=""/s/?q=The+Bodley+Head+Ltd"" title=""Publisher"">The Bodley Head Ltd</a>",Jaron Lanier,2018
Digital And Social Media Marketing: Emerging Applications And Theoretical Development,"<a href=""/s/?q=Springer"" title=""Publisher"">Springer</a>","Nripendra P. Rana, Emma L. Slade, Ganesh Prasad Sahu, Hatice Kizgin, Nitish Singh, Bidit Dey, Anabel Gutierrez, Yogesh K. Dwivedi",2020
"Mind Wars: A History of Mind Control, Surveillance, and Social Engineering by the Government, Media, and Secret Societies","<a href=""/s/?q=Red+Wheel%2FWeiser"" title=""Publisher"">Red Wheel/Weiser</a>","Marie D. Jones, Larry Flaxman",2015
"Mining the Social Web: Data Mining Facebook, Twitter, LinkedIn, Instagram, GitHub, and More","<a href=""/s/?q=O%27Reilly+Media"" title=""Publisher"">O'Reilly Media</a>","Russell, Matthew A., Klassen, Mikhail",2019
"Social Media: Become a Social Media Marketing Master: How to Easily Start Marketing on Facebook, Twitter, Instagram, YouTube & More",nan,"Jenkins, Alex",2016
"Social media marketing workbook 2019: how to leverage the power of Facebook advertising, Instagram marketing, YouTube and SEO to explode your business and personal brand","<a href=""/s/?q=Social+Media+Guru"" title=""Publisher"">Social Media Guru</a>","Schaffner, Adam",2019
"Social Media Marketing, 3 books in one: Excellent Tricks to Grow your business,Instagram Marketing to become a famous influencer,Tiktok and You Tube to make Viral Videos",nan,"Miller, Dave",2020
Social Media Marketing For Dummies,"<a href=""/s/?q=John+Wiley+%26+Sons"" title=""Publisher"">John Wiley &amp; Sons</a>","Shiv Singh, Stephanie Diamond",2020
"Computational Propaganda: Political Parties, Politicians, and Political Manipulation on Social Media","<a href=""/s/?q=Oxford+University+Press"" title=""Publisher"">Oxford University Press</a>","Samuel  C .  Woolley, Philip N. Howard",2018
"500 social media marketing tips : essential advice, hints and strategy for business : Facebook, Twitter, Pinterest, Google+, YouTube, Instagram, Linkedin, and more!",nan,Andrew Macarthy,2014
"Seven Layers of Social Media Analytics: Mining Business Insights from Social Media Text, Actions, Networks, Hyperlinks, Apps, Search Engine, and Location Data",nan,Gohar F. Khan,2015
Social Media,"<a href=""/s/?q=Createspace+Independent+Publishing+Platform"" title=""Publisher"">Createspace Independent Publishing Platform</a>",Grant Kennedy,2016
The SAGE Handbook of Social Media Research Methods,"<a href=""/s/?q=SAGE+Publications+Ltd"" title=""Publisher"">SAGE Publications Ltd</a>","Luke Sloan, Anabel Quan-Haase",2017
"#AskGaryVee: One Entrepreneur's Take on Leadership, Social Media, and Self-Awareness","<a href=""/s/?q=HarperBusiness"" title=""Publisher"">HarperBusiness</a>",Gary Vaynerchuk,2016
Social Media Data Mining and Analytics,"<a href=""/s/?q=Wiley"" title=""Publisher"">Wiley</a>","Gabor Szabo, Gungor Polatkan, P. Oscar Boykin, Antonios Chalkiopoulos",2018
"Social Media Marketing 2021: 4 BOOKS IN 1 - Social Media for Beginners, Instagram Marketing to Become an Influencer, Facebook Advertising, Google AdWords",nan,"Preace, Jeremy",2020
"Praxiswissen Online-Marketing: Affiliate-, Influencer-, Content- und E-Mail-Marketing, Google Ads, SEO, Social Media, Online- inklusive Facebook-Werbung (German Edition)","<a href=""/s/?q=Springer+Gabler"" title=""Publisher"">Springer Gabler</a>","Lammenett, Erwin",2019
"FACEBOOK MARKETING 2021: Hit With Advertising Strategies to Estimate Your Small Business on Top,use This Move by Step Beginner’s Guide for Passive Income on Social Media to Make Money Online Fromhome","<a href=""/s/?q=%23PrB.rating%230.0"" title=""Publisher"">#PrB.rating#0.0</a>","Jack Mathew [Mathew, Jack]",2021
"Social Security 101: From Medicare To Spousal Benefits, An Essential Primer On Government Retirement Aid (adams 101)","<a href=""/s/?q=Adams+Media"" title=""Publisher"">Adams Media</a>","Mill, Alfred",2016
The Art of Social Media: Power Tips for Power Users,"<a href=""/s/?q=Portfolio"" title=""Publisher"">Portfolio</a>","Guy Kawasaki, Peg Fitzpatrick",2014
Influencer: Building your personal brand in the age of social media,"<a href=""/s/?q=Citadel+Press"" title=""Publisher"">Citadel Press</a>","Hennessy, Brittany",2018
Social Media Success for Every Brand: The Five StoryBrand Pillars That Turn Posts Into Profits,"<a href=""/s/?q=HarperCollins+Leadership"" title=""Publisher"">HarperCollins Leadership</a>",Claire Diaz-Ortiz,2019
"No B.S. Guide to Direct Response Social Media Marketing: The Ultimate No Holds Barred Guide to Producing Measurable, Monetizable Results with Social Media Marketing","<a href=""/s/?q=Entrepreneur+Press"" title=""Publisher"">Entrepreneur Press</a>","Dan S. Kennedy, Kim Walsh-Phillips",2015
Leave Your Mark: Land Your Dream Job. Kill It in Your Career. Rock Social Media.,"<a href=""/s/?q=Grand+Central+Publishing"" title=""Publisher"">Grand Central Publishing</a>",Aliza Licht,2015
"Media, Society, World: Social Theory and Digital Media Practice","<a href=""/s/?q=Polity"" title=""Publisher"">Polity</a>",Nick Couldry,2012
"INSTAGRAM MARKETING 2021: Success in your business with the power of promotion, grow a top influencer with the secrets of this beginner’s guide for growth in social media marketing",nan,"Mathew, Jack [Mathew, Jack]",2021
Introduction to Mass Communication: Media Literacy and Culture,"<a href=""/s/?q=McGraw-Hill+Humanities%2FSocial+Sciences%2FLanguages"" title=""Publisher"">McGraw-Hill Humanities/Social Sciences/Languages</a>",Stanley Baran,2013
"Python Social Media Analytics: Analyze and visualize data from Twitter, Youtube, GitHub, and more","<a href=""/s/?q=Packt+Publishing"" title=""Publisher"">Packt Publishing</a>","Siddhartha Chatterjee, Michal Krystyanczuk",2017
"The New Rules of Marketing & PR: How to Use Social Media, Online Video, Mobile Applications, Blogs, News Releases, and Viral Marketing to Reach Buyers Directly","<a href=""/s/?q=Wiley"" title=""Publisher"">Wiley</a>",David Meerman Scott,2013
Social Media Marketing Workbook 2022,nan,Jason McDonald,2022
Philosophy Of Media: A short History Of Ideas And Innovations From Socrates To Social Media,"<a href=""/s/?q=Routledge"" title=""Publisher"">Routledge</a>","Hassan, Robert, Sutherland, Thomas",2017
Social Media Marketing All-in-One For Dummies,"<a href=""/s/?q=For+Dummies"" title=""Publisher"">For Dummies</a>","Michelle Krasniak, Jan Zimmerman, Deborah Ng",2021
Dynamic Digital Marketing: Master the World of Online and Social Media Marketing to Grow Your Business,"<a href=""/s/?q=Wiley"" title=""Publisher"">Wiley</a>",Dawn McGruer,2020
Social Media for Strategic Communication: Creative Strategies and Research-Based Applications,"<a href=""/s/?q=Sage+Publications%2C+Inc"" title=""Publisher"">Sage Publications, Inc</a>",Karen J Freberg,2018
Influence and Behavior Analysis in Social Networks and Social Media,"<a href=""/s/?q=Springer+International+Publishing"" title=""Publisher"">Springer International Publishing</a>","Mehmet Kaya, Reda Alhajj",2019
"Professione social media manager. Strategie, tattiche e strumenti per i professionisti del social media marketing","<a href=""/s/?q=Hoepli"" title=""Publisher"">Hoepli</a>",Veronica Gentili,2020
"50 digital team building games : fast, fun meeting openers, group activities and adventures using social media, smart phones, GPS, tablets, and more","<a href=""/s/?q=Wiley"" title=""Publisher"">Wiley</a>","Chen, John",2012
Social Media Made Simple: Social Media Marketing Tips for Small Business: A Quick Guide to Boosting Your Brand With 101 Free Content Ideas,"<a href=""/s/?q=%23PrB.rating%235.0"" title=""Publisher"">#PrB.rating#5.0</a>","The Sitters Australia & Siân Evans & Justine Day [Australia, The Sitters & Evans, Siân & Day, Justine]",2021
Social Media and Crisis Communication,"<a href=""/s/?q=Routledge"" title=""Publisher"">Routledge</a>","Lucinda L Austin, Yan Jin",2017
LikeWar: The Weaponization of Social Media,"<a href=""/s/?q=Eamon+Dolan%2FHoughton+Mifflin+Harcourt"" title=""Publisher"">Eamon Dolan/Houghton Mifflin Harcourt</a>","P.W. Singer, Emerson T. Brooking",2018
Mining Social Media: Finding Stories in Internet Data,"<a href=""/s/?q=No+Starch+Press"" title=""Publisher"">No Starch Press</a>",Lam Thuy Vo,2019
The culture of connectivity : a critical history of social media,"<a href=""/s/?q=Oxford+University+Press"" title=""Publisher"">Oxford University Press</a>",José van Dijck,2013
"The Hype Machine: How Social Media Disrupts Our Elections, Our Economy, and Our Health--And How We Must Adapt","<a href=""/s/?q=Currency"" title=""Publisher"">Currency</a>",Sinan Aral,2020
"Social Media, Politics and the State: Protests, Revolutions, Riots, Crime and Policing in the Age of Facebook, Twitter and YouTube","<a href=""/s/?q=Routledge"" title=""Publisher"">Routledge</a>","Daniel Trottier, Christian Fuchs",2014
"SOCIAL MEDIA MARKETING AND ONLINE BUSINESS 2021: Beyond 2020! Rise to the top of the Main eCommerce Platforms Using the Most Unscrupulous and Winning Tactics of Instagram, YouTube & Facebook.",nan,ALLAN KANE,2020
"Messing with the Enemy: Surviving in a Social Media World of Hackers, Terrorists, Russians, and Fake News","<a href=""/s/?q=Harper"" title=""Publisher"">Harper</a>",Clint Watts,2018
Media Control: News as an Institution of Power and Social Control,"<a href=""/s/?q=Bloomsbury+Publishing+Inc"" title=""Publisher"">Bloomsbury Publishing Inc</a>",Robert E. Gutsche Jr.,2017
Breeding His Social Media Slut Daughter,nan,DeeDee Zee,english
The Social Media Marketing Book,"<a href=""/s/?q=O%27Reilly+Media"" title=""Publisher"">O'Reilly Media</a>",Dan Zarrella,2009
Multimodal Communication: A social semiotic approach to text and image in print and digital media,"<a href=""/s/?q=Springer+International+Publishing%3B+Palgrave+Pivot"" title=""Publisher"">Springer International Publishing; Palgrave Pivot</a>",May Wong,2019
The Introvert’s Edge to Networking: Work the Room. Leverage Social Media. Develop Powerful Connections,"<a href=""/s/?q=HarperCollins+Leadership"" title=""Publisher"">HarperCollins Leadership</a>","Pollard, Matthew",2021
Social Media Marketing : Learn How to Build a Great Brand & Master the Secrets of influencing .,nan,"Lane, Marry",2020
Growth Hacker Marketing. El futuro del Social Media y la Publicidad (Títulos Especiales) (Spanish Edition),"<a href=""/s/?q=ANAYA+MULTIMEDIA"" title=""Publisher"">ANAYA MULTIMEDIA</a>",Ryan Holiday,2014
"Social Media Marketing – Strategies of Facebook Marketing, Instagram Marketing, LinkedIn Marketing, YouTube Marketing",nan,"Maheshwari, Shubhangi & Pal, Nishant [Maheshwari, Shubhangi]",2021
Introduction to Social Media Marketing: A Guide for Absolute Beginners,"<a href=""/s/?q=Apress"" title=""Publisher"">Apress</a>",Todd Kelsey,2017
Blender for Video Production Quick Start Guide: Create high quality videos for YouTube and other social media platforms with Blender,"<a href=""/s/?q=Packt+Publishing"" title=""Publisher"">Packt Publishing</a>",Allan Brito,2018
"Critique, Social Media and Information Society","<a href=""/s/?q=Routledge"" title=""Publisher"">Routledge</a>",Christian Fuchs and Marisol Sandoval,2014
"Writing on the wall: social media — the first 2,000 years","<a href=""/s/?q=Bloomsbury+USA"" title=""Publisher"">Bloomsbury USA</a>",Tom Standage,2013
Encyclopedia of Social Media and Politics (3 volume set),"<a href=""/s/?q=SAGE+Publications%2C+Inc"" title=""Publisher"">SAGE Publications, Inc</a>",Kerric Harvey,2014
Influencer: Building Your Personal Brand in the Age of Social Media,nan,Hennessy Brittany,2018
"Think Like a Psychologist: How to Analyze Emotions, Read Body Language and Behavior, Understand Motivations, and Decipher Intentions (The Psychology of Social Dynamics Book 2)","<a href=""/s/?q=PKCS+Media%2C+Inc."" title=""Publisher"">PKCS Media, Inc.</a>","Patrick King [King, Patrick]",2019
O mito da grande classe média - Capitalismo e estrutura social,"<a href=""/s/?q=Boitempo+Editorial"" title=""Publisher"">Boitempo Editorial</a>",Marcio Pochmann,2015
"NEW RULES OF MARKETING & PR how to use social media, online video, mobile applications, blogs... , news releases, and viral marketing to reach buye.","<a href=""/s/?q=JOHN+WILEY+%26+SONS"" title=""Publisher"">JOHN WILEY &amp; SONS</a>",DAVID MEERMAN SCOTT,2020
"International Communications Strategy: Developments in Cross-Cultural Communications, PR and Social Media","<a href=""/s/?q=Kogan+Page"" title=""Publisher"">Kogan Page</a>","Silvia Cambie, Yang-May Ooi",2009
Behind The Screen: Content Moderation In The Shadows Of Social Media,"<a href=""/s/?q=Yale+University+Press"" title=""Publisher"">Yale University Press</a>",Sarah T. Roberts,2019
Ultimate Guide to Social Media Marketing,"<a href=""/s/?q=Entrepreneur+Press"" title=""Publisher"">Entrepreneur Press</a>",Eric Butow,2020
"Social Media Marketing,3 books in one: Excellent Tricks to Grow your business,Instagram Marketing to become a famous influencer,Tiktok and You Tube to make Viral Videos",nan,Dave Miller,2020
Dark Persuasion: A History of Brainwashing from Pavlov to Social Media,"<a href=""/s/?q=Yale+University+Press"" title=""Publisher"">Yale University Press</a>","Dimsdale, Joel E.",2021
"Distant Witness：Social Media, The Arab Spring and a Journalism Revolution 遙遠的目擊者：阿拉伯之春紀事","<a href=""/s/?q=%E7%AB%8B%E7%B7%92"" title=""Publisher"">立緒</a>",鄧伯宸 Andy Carvin,2013
Online Public Relations: A Practical Guide to Developing an Online Strategy in the World of Social Media (PR in Practice),"<a href=""/s/?q=Kogan+Page"" title=""Publisher"">Kogan Page</a>","David Phillips, Philip Young",2009
"Creating Smart Enterprises: Leveraging Cloud, Big Data, Web, Social Media, Mobile and IoT Technologies","<a href=""/s/?q=Auerbach+Publications%3BCRC+Press"" title=""Publisher"">Auerbach Publications;CRC Press</a>",Vivek Kale,2018
The Handbook of Online and Social Media Research: Tools and Techniques for Market Researchers,"<a href=""/s/?q=Wiley"" title=""Publisher"">Wiley</a>",Ray Poynter,2010
"Improve Your Conversations: Think On Your Feet, Witty Banter, and Always Know What To Say with Improv Comedy Techniques (Social Skills, Small Talk, and Communication Skills Mastery)","<a href=""/s/?q=Plain+Key+Media"" title=""Publisher"">Plain Key Media</a>","Patrick King [King, Patrick]",2015
Social Media Marketing,nan,Tracy L. Tuten & Michael R. Solomon,english
Ten Arguments for Deleting Your Social Media Accounts Right Now,"<a href=""/s/?q=Henry+Holt+and+Company"" title=""Publisher"">Henry Holt and Company</a>",Jaron Lanier,2018
"Disinformation, Misinformation, and Fake News in Social Media (Lecture Notes in Social Networks)","<a href=""/s/?q=Springer+International+Publishing"" title=""Publisher"">Springer International Publishing</a>",Unknown,2020
Social Media: A Critical Introduction,"<a href=""/s/?q=SAGE+Publications+Ltd"" title=""Publisher"">SAGE Publications Ltd</a>",Christian Fuchs,2013
"Strategic Communication, Social Media and Democracy The challenge of the digital naturals","<a href=""/s/?q=Routledge"" title=""Publisher"">Routledge</a>","Edited by W. Timothy Coombs, Jesper Falkheimer, Mats Heide and Philip Young",2015
"R: Mining Spatial, Text, Web, and Social Media Data","<a href=""/s/?q=Packt+Publishing%3B"" title=""Publisher"">Packt Publishing;</a>","Bater Makhabel, Pradeepta Mishra, Nathan Danneman, Richard Heimann",2017
"30 Days to Social Media Success: The 30 Day Results Guide to Making the Most of Twitter, Blogging, LinkedIN, and Facebook","<a href=""/s/?q=Career+Press"" title=""Publisher"">Career Press</a>",Gail Martin,2010
#Republic: Divided Democracy in the Age of Social Media,"<a href=""/s/?q=Princeton+University+Press"" title=""Publisher"">Princeton University Press</a>",Cass R. Sunstein,2017
Public Influence: A Guide to Op-Ed Writing and Social Media Engagement,"<a href=""/s/?q=University+of+Toronto+Press"" title=""Publisher"">University of Toronto Press</a>",Mira Sucharov,2019
Social Media Marketing in Tourism and Hospitality,"<a href=""/s/?q=Springer+International+Publishing"" title=""Publisher"">Springer International Publishing</a>",Roberta Minazzi (auth.),2015
Social Media And The Post-Truth World Order: The Global Dynamics Of Disinformation,"<a href=""/s/?q=Palgrave+Pivot"" title=""Publisher"">Palgrave Pivot</a>",Gabriele Cosentino,2020
Social Media Marketing: Emerging Concepts and Applications,"<a href=""/s/?q=Palgrave+Macmillan"" title=""Publisher"">Palgrave Macmillan</a>","Githa Heggde, G. Shainesh (eds.)",2018
Natural Language Processing for Social Media,"<a href=""/s/?q=Morgan+%26+Claypool+Publishers"" title=""Publisher"">Morgan &amp; Claypool Publishers</a>","Anna Atefeh Farzindar, Diana Inkpen",2020
"Psychoanalysis and Digital Culture: Audiences, Social Media, and Big Data","<a href=""/s/?q=Routledge"" title=""Publisher"">Routledge</a>",Jacob Johanssen,2019
"Social Media Communication: Concepts, Practices, Data, Law and Ethics","<a href=""/s/?q=Routledge"" title=""Publisher"">Routledge</a>",Jeremy H. Lipschultz,2017
The Social Media MBA Guide to ROI: How to Measure and Improve Your Return on Investment,"<a href=""/s/?q=Wiley"" title=""Publisher"">Wiley</a>",Christer Holloman,2014
Social Media Analytics Strategy: Using Data to Optimize Business Performance,"<a href=""/s/?q=Apress"" title=""Publisher"">Apress</a>",Alex Gonçalves (auth.),2017
"Advanced social media marketing: How to lead, launch, and manage a successful social media program","<a href=""/s/?q=Apress"" title=""Publisher"">Apress</a>",Tom Funk,2012
The End of Marketing: Humanizing Your Brand in the Age of Social Media and AI,"<a href=""/s/?q=Kogan+Page"" title=""Publisher"">Kogan Page</a>",Carlos Gil,2019
Social Media Marketing personal y profesional,"<a href=""/s/?q=Alfaomega"" title=""Publisher"">Alfaomega</a>",José Antonio Carballar Falcón,2013
No B.S. Guide to Direct Response Social Media Marketing,"<a href=""/s/?q=Entrepreneur+Press"" title=""Publisher"">Entrepreneur Press</a>",Dan S. Kennedy,2015
"Optimize: How to Attract and Engage More Customers by Integrating SEO, Social Media, and Content Marketing","<a href=""/s/?q=Wiley"" title=""Publisher"">Wiley</a>",Lee Odden,2012
The Social Photo - On Photography and Social Media,"<a href=""/s/?q=Verso"" title=""Publisher"">Verso</a>",Nathan Jurgenson,2019
Marketing Communications: Integrating Offline and Online with Social Media,"<a href=""/s/?q=Kogan+Page+Publishers"" title=""Publisher"">Kogan Page Publishers</a>","Paul R. Smith, Ze Zook",2011
The Language of Social Media: Identity and Community on the Internet,"<a href=""/s/?q=Palgrave+Macmillan+UK"" title=""Publisher"">Palgrave Macmillan UK</a>","Philip Seargeant, Caroline Tagg (eds.)",2014
The End Of Forgetting: Growing Up With Social Media,"<a href=""/s/?q=Harvard+University+Press"" title=""Publisher"">Harvard University Press</a>",Kate Eichhorn,2019
"500 Social Media Marketing Tips: Essential Advice, Hints and Strategy for Business: Facebook, Twitter, Instagram, Pinterest, LinkedIn, YouTube, Snapchat, and More!",nan,Andrew Macarthy,2014
Think Before You Like: Social Media’s Effect on the Brain and the Tools You Need to Navigate Your Newsfeed,"<a href=""/s/?q=Prometheus+Books"" title=""Publisher"">Prometheus Books</a>",Guy P. Harrison,2017
"Instagram: Instagram Blackbook: Everything You Need To Know About Instagram For Business and Personal - Ultimate Instagram Marketing Book (Internet Marketing, Social Media)",nan,J. Holmes,english
For the TikTok Beginner: Become a Famous Social Media Influencer: Learn the Ins & Outs of TikTok and Turn Income Ideas Into a Money Making Business,"<a href=""/s/?q=%23PrB.rating%230.0"" title=""Publisher"">#PrB.rating#0.0</a>","Adonis Gillespie [Gillespie, Adonis]",2021
"Innovations in Knowledge Management: The Impact of Social Media, Semantic Web and Cloud Computing","<a href=""/s/?q=Springer-Verlag+Berlin+Heidelberg"" title=""Publisher"">Springer-Verlag Berlin Heidelberg</a>","Liana Razmerita, Gloria Phillips-Wren, Lakhmi C. Jain (eds.)",2016
Free Speech: A History from Socrates to Social Media,"<a href=""/s/?q=Basic+Books"" title=""Publisher"">Basic Books</a>",Jacob Mchangama,2022
How to Make Money with Social Media: An Insider's Guide on Using New and Emerging Media to Grow Your Business,"<a href=""/s/?q=FT+Press"" title=""Publisher"">FT Press</a>","Jamie Turner, Reshma Shah",2010
"Social media hacking: Hack Facebook, WhatsApp, Instagram, Twitter accounts",nan,Shekhar Mishra,2018
Mining Social Media-Finding Stories in Internet Data,"<a href=""/s/?q=No+Starch+Press"" title=""Publisher"">No Starch Press</a>",Lam Thuy Vo,2019
Alpha Male Strategies: Dating Techniques In The Social Media Age,nan,Alpha Male Strategies,english
"Fans and Fan Cultures: Tourism, Consumerism and Social Media","<a href=""/s/?q=Palgrave+Macmillan+UK"" title=""Publisher"">Palgrave Macmillan UK</a>","Henrik Linden, Sara Linden (auth.)",2017
"Inbound Marketing: Get Found Using Google, Social Media, and Blogs","<a href=""/s/?q=Wiley"" title=""Publisher"">Wiley</a>","Brian Halligan, Dharmesh Shah, David Meerman Scott",2009
Nationalism on the Internet: Critical Theory and Ideology in the Age of Social Media and Fake News,"<a href=""/s/?q=Routledge"" title=""Publisher"">Routledge</a>",Christian Fuchs,2019
"Likeable Social Media: How to Delight Your Customers, Create an Irresistible Brand, and Be Generally Amazing on Facebook","<a href=""/s/?q=McGraw-Hill"" title=""Publisher"">McGraw-Hill</a>",Dave Kerpen,2011
"Ask, Measure, Learn: Using Social Media Analytics to Understand and Influence Customer Behavior","<a href=""/s/?q=O%27Reilly+Media"" title=""Publisher"">O'Reilly Media</a>","Lutz Finger, Soumitra Dutta",2014
Socialism 101,"<a href=""/s/?q=Adams+Media"" title=""Publisher"">Adams Media</a>",Kathleen Sears,2019
"Social media hacking: Hack Facebook,what's app,instagram,twitter accounts",nan,Shekhar mishra,2018
"Social Evolution, Political Psychology, and the Media in Democracy: The Invisible Hand in the U.S. Marketplace of Ideas","<a href=""/s/?q=Springer"" title=""Publisher"">Springer</a>","Beattie, Peter",2019
"Social Media Marketing 2021: 4 BOOKS IN 1 - Social Media for Beginners, Instagram Marketing to Become an Influencer, Facebook Advertising, Google AdWords (Analytics, SEO and ADS for Your Business)",nan,"Preace, Jeremy",2020
"Social BOOM!: How to Master Business Social Media to Brand Yourself, Sell Yourself, Sell Your Product, Dominate Your Industry Market, Save Your Butt, ... and Grind Your Competition into the Dirt","<a href=""/s/?q=FT+Press"" title=""Publisher"">FT Press</a>",Jeffrey Gitomer,2011
"Socialism 101: from the Bolsheviks and Karl Marx to universal healthcare and the democratic socialists, everything you need to know about socialism","<a href=""/s/?q=Adams+Media"" title=""Publisher"">Adams Media</a>",Kathleen Sears,2019
Social Media for Small Business,"<a href=""/s/?q=John+Wiley+%26+Sons"" title=""Publisher"">John Wiley &amp; Sons</a>","Iseli, Franziska, ",2021
The Network Society: Social Aspects of New Media,"<a href=""/s/?q=Sage+Publications+Ltd"" title=""Publisher"">Sage Publications Ltd</a>",Professor Jan A G M van Dijk,2005
Ten Arguments For Deleting Your Social Media Accounts Right Now,nan,by Jaron Lanier,2018
Social Network Analysis for Startups: Finding connections on the social web,"<a href=""/s/?q=O%27Reilly+Media"" title=""Publisher"">O'Reilly Media</a>","Maksim Tsvetovat, Alexander Kouznetsov",2011
"Gadget Consciousness: Collective Thought, Will And Action in the Age of Social Media","<a href=""/s/?q=Pluto+Press"" title=""Publisher"">Pluto Press</a>",Joss Hands,2019
"New Media, Cultural Studies, and Critical Theory after Postmodernism: Automodernity from Zizek to Laclau (Education, Psychoanalysis, Social Transformation)","<a href=""/s/?q=Palgrave+Macmillan"" title=""Publisher"">Palgrave Macmillan</a>",Robert Samuels,2009
Start a Successful Social Media Marketing Agency From Home: Everything You Need to Know About Branding Your Social Media Marketing From Your Comfort Zone,"<a href=""/s/?q=Independently+published"" title=""Publisher"">Independently published</a>","Dawson Barnes [Barnes, Dawson]",2021
"How Algorithms Create and Prevent Fake News: Exploring the Impacts of Social Media, Deepfakes, GPT-3, and More","<a href=""/s/?q=Apress"" title=""Publisher"">Apress</a>",Noah Giansiracusa,2021
Sentiment Analysis for Social Media,"<a href=""/s/?q=MPDI"" title=""Publisher"">MPDI</a>","Carlos A. Iglesias, Antonio Moreno",2020
The Day the Bubble Burst: A Social History of the Wall Street Crash of 1929,"<a href=""/s/?q=Open+Road+Media"" title=""Publisher"">Open Road Media</a>","Gordon Thomas, Max Morgan-Witts",2014
"Your brand, the next media company : how a social business strategy enables better content, smarter marketing, and deeper customer relationships","<a href=""/s/?q=Pearson+Education%3BQue+Publishing"" title=""Publisher"">Pearson Education;Que Publishing</a>","Brito, Michael",2014
Social Media Marketing All-in-One For Dummies,"<a href=""/s/?q=For+Dummies"" title=""Publisher"">For Dummies</a>","Michelle Krasniak, Jan Zimmerman, Deborah Ng",2021
"Likeable Social Media, Third Edition: How to Delight Your Customers, Create an Irresistible Brand, & Be Generally Amazing on All Social Networks That Matter","<a href=""/s/?q=McGraw-Hill+Education"" title=""Publisher"">McGraw-Hill Education</a>",Dave Kerpen,2019
"Digital Media and Society: Transforming Economics, Politics and Social Practices","<a href=""/s/?q=Palgrave+Macmillan+UK"" title=""Publisher"">Palgrave Macmillan UK</a>",Andrew White (auth.),2014
"Breaking Orbit: How to Write, Publish and Launch Your First Bestseller on Amazon Without a Mailing List, Blog or Social Media Following",nan,Green Jonathan,2016
Social media for writers : marketing strategies for building your audience and selling books,"<a href=""/s/?q=F+W+Media%3BWriter%27s+Digest+Books"" title=""Publisher"">F W Media;Writer's Digest Books</a>","Philippa Ballantine, Tee Morris",2015
Breaking the Social Media Prism: How to Make Our Platforms Less Polarizing,"<a href=""/s/?q=Princeton+University+Press"" title=""Publisher"">Princeton University Press</a>",Chris Bail,2021
Offline: Free Your Mind from Smartphone and Social Media Stress,"<a href=""/s/?q=Capstone%2FWiley+%26+Sons"" title=""Publisher"">Capstone/Wiley &amp; Sons</a>","Imran Rashid, Soren Kenner",2019
"The Dark Side of Social Media: Psychological, Managerial, and Societal Perspectives","<a href=""/s/?q=Academic+Press"" title=""Publisher"">Academic Press</a>","Pavica Sheldon, Philipp Rauschnabel, James M. Honeycutt",2019
Social Media Marketing for Business: Scaling an Integrated Social Media Strategy Across Your Organization,nan,Andrew Jenkins,2022
"The Dragonfly Effect: Quick, Effective, and Powerful Ways To Use Social Media to Drive Social Change","<a href=""/s/?q=Jossey-Bass"" title=""Publisher"">Jossey-Bass</a>","Jennifer Aaker, Andy Smith",2010
Alpha Male Strategies: Dating Techniques In The Social Media Age,nan,"Strategies, Alpha Male",2018
The Happiness Effect: How Social Media is Driving a Generation to Appear Perfect at Any Cost,"<a href=""/s/?q=Oxford+University+Press"" title=""Publisher"">Oxford University Press</a>","Donna Freitas, Christian Smith",2017
Internet and Social Media Addiction,"<a href=""/s/?q=ReferencePoint+Press%2C+Inc."" title=""Publisher"">ReferencePoint Press, Inc.</a>",Andrea C. Nakaya,2015
"Social Media - The Art of Marketing on YouTube, Facebook, Twitter, and Instagram",nan,Calvin Kennedy,english
"Follow me! Erfolgreiches Social Media Marketing mit Facebook, Instagram, LinkedIn und Co.","<a href=""/s/?q=Rheinwerk+Verlag"" title=""Publisher"">Rheinwerk Verlag</a>","Karim-Patrick Bannour, Anne Grabs, Elisabeth Vogl",2022
Copywriting: I 50 Comandamenti del Copywriter. Copywriting Persuasivo per Social Media Marketing. Per Negati. Edizione 2019 (Marketing per Negati Vol. 4) (Italian Edition),nan,Max Milla,2019
"Mining the Social Web: Analyzing Data from Facebook, Twitter, LinkedIn, and Other Social Media Sites","<a href=""/s/?q=O%27Reilly+Media"" title=""Publisher"">O'Reilly Media</a>",Matthew A. Russell,2011
Dynamic Digital Marketing: Master the world of online and social media marketing to grow your business,"<a href=""/s/?q=Wiley"" title=""Publisher"">Wiley</a>",Dawn McGruer,2
Social Media and Public Relations: Fake Friends and Powerful Publics,"<a href=""/s/?q=Routledge"" title=""Publisher"">Routledge</a>","Judy Motion, Robert L. Heath, Shirley Leitch",2016
Social eCommerce: Increasing Sales and Extending Brand Reach,"<a href=""/s/?q=O%27Reilly+Media"" title=""Publisher"">O'Reilly Media</a>","Stephan Spencer, Jimmy Harding, Jennifer Sheahan",2014
"The Social Media Debate: Unpacking the Social, Psychological, and Cultural Effects of Social Media","<a href=""/s/?q=Routledge"" title=""Publisher"">Routledge</a>",Devan Rosen (editor),2022
"The Social Media Handbook for Financial Advisors: How to Use LinkedIn, Facebook, and Twitter to Build and Grow Your Business","<a href=""/s/?q=Bloomberg+Press"" title=""Publisher"">Bloomberg Press</a>","Matthew Halloran, Crystal Thies(auth.)",2012
30-Minute Social Media Marketing: Step-by-step Techniques to Spread the Word About Your Business,"<a href=""/s/?q=McGraw-Hill"" title=""Publisher"">McGraw-Hill</a>",Susan Gunelius,2010
Social Media Marketing Workbook 2022: Secret tricks for successfully growing your business to billionaire,nan,"Howell, Shaun",2022
Why Social Media is Ruining Your Life,"<a href=""/s/?q=Cassell+Illustrated"" title=""Publisher"">Cassell Illustrated</a>",Katherine Ormerod,2018
Selling Social Media: The Political Economy of Social Networking,"<a href=""/s/?q=Bloomsbury+Academic"" title=""Publisher"">Bloomsbury Academic</a>",Daniel Faltesek,2018
"i-Minds: How Cell Phones, Computers, Gaming, and Social Media are Changing our Brains, our Behavior, and the Evolution of our Species","<a href=""/s/?q=New+Society+Publishers"" title=""Publisher"">New Society Publishers</a>",Mari Swingle,2016
Content Marketing: Think Like a Publisher - How to Use Content to Market Online and in Social Media (Que Biz-Tech),"<a href=""/s/?q=Que"" title=""Publisher"">Que</a>",Rebecca Lieb,2011
Social-Media-Marketing kompakt,"<a href=""/s/?q=Springer+Fachmedien+Wiesbaden%3BSpringer+Gabler"" title=""Publisher"">Springer Fachmedien Wiesbaden;Springer Gabler</a>",Ralf T. Kreutzer,2018
No Sense of Place: The Impact of Electronic Media on Social Behavior,"<a href=""/s/?q=Oxford+University+Press"" title=""Publisher"">Oxford University Press</a>",Joshua Meyrowitz,1985
"Custodians of the Internet: Platforms, Content Moderation, and the Hidden Decisions That Shape Social Media","<a href=""/s/?q=Yale+University+Press"" title=""Publisher"">Yale University Press</a>",Tarleton Gillespie,2018
"I'm a Therapist, and My Patient is a Vegan Terrorist: 6 Deadly Social Media Influencers","<a href=""/s/?q=Dr.+Harper+Therapy"" title=""Publisher"">Dr. Harper Therapy</a>",Dr. Harper,2020
Historia economica y social de la Edad Media,"<a href=""/s/?q=Fondo+de+Cultura+Econ%C3%B3mica"" title=""Publisher"">Fondo de Cultura Económica</a>",Henri Pirenne,1939
"Content Rules: How to Create Killer Blogs, Podcasts, Videos, Ebooks, Webinars (and More) That Engage Customers and Ignite Your Business (New Rules Social Media Series)","<a href=""/s/?q=Wiley"" title=""Publisher"">Wiley</a>","Ann Handley, C.C. Chapman",2010
"Managing Democracy in the Digital Age: Internet Regulation, Social Media Use, and Online Civic Engagement","<a href=""/s/?q=Springer+International+Publishing"" title=""Publisher"">Springer International Publishing</a>","Julia Schwanholz, Todd Graham, Peter-Tobias Stoll (eds.)",2018
"The Zen of Social Media Marketing: An Easier Way to Build Credibility, Generate Buzz, and Increase Revenue","<a href=""/s/?q=BenBella+Books"" title=""Publisher"">BenBella Books</a>","Shama Kabani, Chris Brogan",2010
Social Media and Personal Relationships : Online Intimacies and Networked Friendship,"<a href=""/s/?q=Palgrave+Macmillan"" title=""Publisher"">Palgrave Macmillan</a>","Chambers, Deborah",2013
The Social Organism: A Radical Understanding of Social Media to Transform Your Business and Life,"<a href=""/s/?q=Hachette+Books"" title=""Publisher"">Hachette Books</a>","Oliver Luckett, Michael J. Casey",2016
Social Media ROI: Managing and Measuring Social Media Efforts in Your Organization,"<a href=""/s/?q=Que+Publishing"" title=""Publisher"">Que Publishing</a>",Olivier Blanchard,2011
Netnography Unlimited: Understanding Technoculture Using Qualitative Social Media Research,"<a href=""/s/?q=Routledge"" title=""Publisher"">Routledge</a>","Robert V. Kozinets (editor), Rossella Gambetti (editor)",2021
"Social Skills - Social Fluency: Genuine Social Habits to Work a Room, Own a Conversation, and Be Instantly Likeable...Even Introverts! (Communication Skills, Small Talk, People Skills Mastery)","<a href=""/s/?q=Plain+Key+Media"" title=""Publisher"">Plain Key Media</a>",Patrick King,2014
Social media made me rich : here's how it can do the same for you,"<a href=""/s/?q=Morgan+James+Publishing"" title=""Publisher"">Morgan James Publishing</a>","Loop, Matthew",2016
"Essential Guide to Making Money Online: Self-Publishing, Blogging, Affiliate Marketing, Dropshipping, Online Videos, Courses, Merch, Social Media Influencer Marketing, and Retail Arbitrage","<a href=""/s/?q=%23PrB.rating%233.18"" title=""Publisher"">#PrB.rating#3.18</a>","Michael Kevin [Kevin, Michael]",2019
Framing Public Life: Perspectives on Media and Our Understanding of the Social World,"<a href=""/s/?q=Routledge"" title=""Publisher"">Routledge</a>","Stephen D. Reese, Oscar H. Gandy  Jr., August E. Grant",2001
"Messing with the Enemy: Surviving in a Social Media World of Hackers, Terrorists, Russians, and Fake News","<a href=""/s/?q=Harper+Paperbacks"" title=""Publisher"">Harper Paperbacks</a>",Clint Watts,2019
Social Media Marketing: Ultimate instructions for upgrading your Business Through social media marketing efforts in 2020,nan,"Elby, Susan",2020
Social Media Promotion for Small Business and Entrepreneurs: The Manual For Marketing Your Products And Business Online,"<a href=""/s/?q=BOMG+Publishing"" title=""Publisher"">BOMG Publishing</a>","Owsinski, Bobby",2014
A Social Media Survival Guide: How to Use the Most Popular Platforms and Protect Your Privacy,"<a href=""/s/?q=Rowman+%26+Littlefield+Publishers"" title=""Publisher"">Rowman &amp; Littlefield Publishers</a>",Melody Karle,2020
"Work Smarter with Social Media : a Guide to Managing Evernote, Twitter, LinkedIn, and Your Email.","<a href=""/s/?q=Harvard+Business+Review+Press"" title=""Publisher"">Harvard Business Review Press</a>","Samuel, Alexandra",2015
Social Media Mining with R: Deploy cutting-edge sentiment analysis techniques to real-world social media data using R,"<a href=""/s/?q=Packt+Publishing"" title=""Publisher"">Packt Publishing</a>","Richard Heimann, Nathan Danneman",2014
The Live-Streaming Handbook: How to Create Live Video for Social Media on Your Phone and Desktop,"<a href=""/s/?q=Routledge"" title=""Publisher"">Routledge</a>",Peter Stewart,2018
Internet and surveillance: the challenges of Web 2.0 and social media,"<a href=""/s/?q=Routledge"" title=""Publisher"">Routledge</a>","Christian Fuchs, Kees Boersma, Anders Albrechtslund, Marisol Sandoval (editors)",2011
The Everything Guide to Crowdfunding: Learn how to use social media for small-business funding,"<a href=""/s/?q=Adams+Media"" title=""Publisher"">Adams Media</a>",Thomas Elliott Young,2013
Open Source Intelligence and Cyber Crime: Social Media Analytics,"<a href=""/s/?q=Springer+International+Publishing%3BSpringer"" title=""Publisher"">Springer International Publishing;Springer</a>","Mohammad A. Tayebi, Uwe Glässer, David B. Skillicorn",2020
"Social media hacking: Hack Facebook,what's app,instagram,twitter accounts",nan,"Shekhar mishra [mishra, Shekhar]",2018
Guerrilla Marketing for Job Hunters 3.0: How to Stand Out from the Crowd and Tap Into the Hidden Job Market using Social Media and 999 other Tactics Today,"<a href=""/s/?q=Wiley"" title=""Publisher"">Wiley</a>","Jay Conrad Levinson, David E. Perry",2011
"Charisma: Conversation Skills, Influence, Social Skills, People Skills (Communication Skills, How To Talk To Anyone, Persuasion, How To Be Charismatic, Be Magnetic)","<a href=""/s/?q=Pomodoro+Media"" title=""Publisher"">Pomodoro Media</a>","Gary Marshall [Marshall, Gary]",2014
Mobile and Social Media Journalism; A Practical Guide,"<a href=""/s/?q=CQ+Press"" title=""Publisher"">CQ Press</a>",Anthony Adornato,2017
"Language, Social Media and Ideologies: Translingual Englishes, Facebook and Authenticities","<a href=""/s/?q=Springer"" title=""Publisher"">Springer</a>",Sender Dovchin,2020
"Violence and trolling on social media: history, affect, and effects of online vitriol","<a href=""/s/?q=Amsterdam+University+Press"" title=""Publisher"">Amsterdam University Press</a>","Polak, Sara, Trottier, Daniel",2020
Social media recruitment : how to successfully integrate social media into recruitment strategy,"<a href=""/s/?q=Kogan+Page"" title=""Publisher"">Kogan Page</a>","Headworth, Andy",2015
"Understanding Social Media And Entrepreneurship: The Business Of Hashtags, Likes, Tweets And Stories","<a href=""/s/?q=Springer"" title=""Publisher"">Springer</a>","Leon Schjoedt, Malin E. Brännback, Alan L. Carsrud",2020
"The B2B social media book: become a marketing superstar by generating leads with blogging, LinkedIn, Twitter, Facebook, email, and more - PDFDrive.com","<a href=""/s/?q=John+Wiley+%26+Sons"" title=""Publisher"">John Wiley &amp; Sons</a>",Jeffrey L. Cohen Kipp Bodnar,english
Tweets and the Streets: Social Media and Contemporary Activism,"<a href=""/s/?q=Pluto+Press"" title=""Publisher"">Pluto Press</a>",Paolo Gerbaudo,2012
Social Media Marketing: An Hour a Day,"<a href=""/s/?q=Sybex"" title=""Publisher"">Sybex</a>","Dave Evans, Susan Bratton",2012
"Social Media and Democracy: The State of the Field, Prospects for Reform","<a href=""/s/?q=Cambridge+University+Press"" title=""Publisher"">Cambridge University Press</a>","Nathaniel Persily, Joshua A. Tucker",2020
"Mining the social web: data mining Facebook, Twitter, LinkedIn, Google+, GitHub, and more","<a href=""/s/?q=O%27Reilly+Media"" title=""Publisher"">O'Reilly Media</a>",Matthew A. Russell,2013
"Designing Social Interfaces: Principles, Patterns, and Practices for Improving the User Experience (Animal Guide)","<a href=""/s/?q=Yahoo+Press+%2F+O%27Reilly+Media"" title=""Publisher"">Yahoo Press / O'Reilly Media</a>","Christian Crumlish, Erin Malone",2009
How the world changed social media,"<a href=""/s/?q=UCL+Press"" title=""Publisher"">UCL Press</a>","Daniel Miller, Elisabetta Costa, Nell Haynes, Tom McDonald, Razvan Nicolescu, Jolynna Sinanan, Juliano Spyer, Shriram Venkatraman, Xinyuan Wang",2016
"Disinformation, Misinformation, and Fake News in Social Media: Emerging Research Challenges and Opportunities","<a href=""/s/?q=Springer+International+Publishing%3BSpringer"" title=""Publisher"">Springer International Publishing;Springer</a>","Kai Shu, Suhang Wang, Dongwon Lee, Huan Liu",2020
Basic Marketing Research: Integration of Social Media,"<a href=""/s/?q=Pearson"" title=""Publisher"">Pearson</a>",Naresh K. Malhotra,2011
#Republic: Divided Democracy in the Age of Social Media,"<a href=""/s/?q=Princeton+University+Press"" title=""Publisher"">Princeton University Press</a>",Cass R. Sunstein,2017
Politics and Big Data: Nowcasting and Forecasting Elections with Social Media,"<a href=""/s/?q=Routledge"" title=""Publisher"">Routledge</a>","Andrea Ceron, Luigi Curini, Stefano Maria Iacus",2017
"The Social Media Bible: Tactics, Tools, and Strategies for Business Success","<a href=""/s/?q=Wiley"" title=""Publisher"">Wiley</a>",Lon Safko,2012
Applications of Social Media and Social Network Analysis,"<a href=""/s/?q=Springer+International+Publishing"" title=""Publisher"">Springer International Publishing</a>","Przemysław Kazienko, Nitesh Chawla (eds.)",2015
LikeWar: the Weaponization of Social Media,"<a href=""/s/?q=Houghton+Mifflin+Harcourt"" title=""Publisher"">Houghton Mifflin Harcourt</a>","Singer, P. W",2018
"Status Update: Celebrity, Publicity, and Branding in the Social Media Age","<a href=""/s/?q=Yale+University+Press"" title=""Publisher"">Yale University Press</a>",Alice E. Marwick,2013
"Social Media: How to Engage, Share, and Connect","<a href=""/s/?q=Rowman+%26+Littlefield+Publishers"" title=""Publisher"">Rowman &amp; Littlefield Publishers</a>",Regina Luttrell,2018
Networks Without a Cause: A Critique of Social Media,"<a href=""/s/?q=Polity"" title=""Publisher"">Polity</a>",Geert Lovink,2012
"The Origins of the Modern Chinese Press: The Influence of the Protestant Missionary Press in Late Qing China (Routledge Media, Culture and Social Change in Asia)",nan,Xiantao Zhang,2007
"Social Media Marketing 2021-22: Beginner's Guide to Making Money Online. Become a Successful Influencer Through Youtube, Twitter, Facebook, Instagram and Linkedin Algorithms. Start Your Passive Income","<a href=""/s/?q=Independently+published"" title=""Publisher"">Independently published</a>",Digital Business Academy,2021
Get Social: Social Media Strategy and Tactics for Leaders,"<a href=""/s/?q=Kogan+Page"" title=""Publisher"">Kogan Page</a>",Michelle Carvill,2018
"Social Media in Travel, Tourism and Hospitality: Theory, Practice and Cases","<a href=""/s/?q=Ashgate+Pub+Co"" title=""Publisher"">Ashgate Pub Co</a>","Marianna Sigala, Evangelos Christou, Ulrike Gretzel",2012
"Media Convergence Handbook - Vol. 1: Journalism, Broadcasting, and Social Media Aspects of Convergence","<a href=""/s/?q=Springer-Verlag+Berlin+Heidelberg"" title=""Publisher"">Springer-Verlag Berlin Heidelberg</a>","Artur Lugmayr, Cinzia Dal Zotto (eds.)",2016
The End of Marketing: Humanizing Your Brand in the Age of Social Media,"<a href=""/s/?q=Kogan+Page"" title=""Publisher"">Kogan Page</a>","Gil, Carlos",2021
Social Media Marketing All-in-One For Dummies,"<a href=""/s/?q=For+Dummies"" title=""Publisher"">For Dummies</a>","Jan Zimmerman, Doug Shalin",2010
"No Bullshit Social Media: The All-Business, No-Hype Guide to Social Media Marketing","<a href=""/s/?q=Que"" title=""Publisher"">Que</a>","Jason Falls, Erik Deckers",2011
"Social Media Marketing,3 books in one: Excellent Tricks to Grow your business,Instagram Marketing to become a famous influencer,Tiktok and You Tube to make Viral Videos",nan,"Miller, Dave",2020
Memes to movements : how the world's most viral media is changing social protest and power,"<a href=""/s/?q=Beacon+Press"" title=""Publisher"">Beacon Press</a>",An Xiao Mina,2019
"Social media hacking: Hack Facebook,what's app,instagram,twitter accounts",nan,Shekhar mishra,2018
Encyclopedia of Social Movement Media,"<a href=""/s/?q=Sage+Publications%2C+Inc"" title=""Publisher"">Sage Publications, Inc</a>",Professor John D. H. Downing,2010
Mining Social Media: Finding Stories in Internet Data,"<a href=""/s/?q=No+Starch+Press"" title=""Publisher"">No Starch Press</a>",Lam Thuy Vo,2020
B2B-Online-Marketing und Social Media: Handlungsempfehlungen und Best Practices,"<a href=""/s/?q=Springer+Fachmedien+Wiesbaden%3BSpringer+Gabler"" title=""Publisher"">Springer Fachmedien Wiesbaden;Springer Gabler</a>","Ralf T. Kreutzer, Andrea Rumler, Benjamin Wille-Baumkauff",2020
Understanding Media Cultures: Social Theory and Mass Communication 2nd Edition,"<a href=""/s/?q=Sage+Publications+Ltd"" title=""Publisher"">Sage Publications Ltd</a>",Nicholas Stevenson,2002
"Instagram Marketing For Business: How To Get More Targeted Followers And Build A Brand On Instagram (Social Media, Internet Marketing, Instagram Tips)",nan,Martin Goodwin,english
Branding Yourself: How to Use Social Media to Invent or Reinvent Yourself,"<a href=""/s/?q=Que+Publishing"" title=""Publisher"">Que Publishing</a>","Erik Deckers, Kyle Lacy",2012
Social Media Analytics for User Behavior Modeling: A Task Heterogeneity Perspective (Data-Enabled Engineering),"<a href=""/s/?q=CRC+Press"" title=""Publisher"">CRC Press</a>","Arun Reddy Nelakurthi, Jingrui He",2020
Mastering Social Media Mining with Python,"<a href=""/s/?q=Packt+Publishing"" title=""Publisher"">Packt Publishing</a>",Marco Bonzanini,2016
Social Media Communication Data For Recovery: Detecting Socio-Economic Activities Following A Disaster,"<a href=""/s/?q=Springer"" title=""Publisher"">Springer</a>",Yuya Shibuya,2020
Analyzing Social Media Networks with NodeXL: Insights from a Connected World,"<a href=""/s/?q=Morgan+Kaufmann"" title=""Publisher"">Morgan Kaufmann</a>","Derek Hansen Ph.D.  University of Michigan, Ben Shneiderman Ph.D.  SUNY at Stony Brook, Marc A. Smith Ph.D.  UCLA  Los Angeles  CA, Itai Himelboim Ph.D. - School of Journalism and Mass Communication  University of Minnesota",2019
Managing Online Reputation: How to Protect Your Company on Social Media,"<a href=""/s/?q=Palgrave+Macmillan"" title=""Publisher"">Palgrave Macmillan</a>",Charlie Pownall,2015
"SMACing the Bank: How to Use Social Media, Mobility, Analytics and Cloud Technologies to Transform the Business Processes of Banks and the Banking Experience","<a href=""/s/?q=Auerbach+Publications%3BCRC+Press"" title=""Publisher"">Auerbach Publications;CRC Press</a>","Balaji Raghunathan, Rajashekara Maiya",2018
A Social History of the Media,nan,"Peter Burke, Peter Burke",2020
Dark Persuasion: A History of Brainwashing from Pavlov to Social Media,"<a href=""/s/?q=Yale+University+Press"" title=""Publisher"">Yale University Press</a>","Dimsdale, Joel E.",2021
The Networked Nonprofit: Connecting with Social Media to Drive Change,nan,"Beth Kanter, Allison Fine",2010
The End of Marketing: Humanizing Your Brand in the Age of Social Media,"<a href=""/s/?q=Kogan+Page"" title=""Publisher"">Kogan Page</a>","Gil, Carlos",2021
"Social Media Playbook for Business: Reaching Your Online Community with Twitter, Facebook, LinkedIn, and More","<a href=""/s/?q=Praeger"" title=""Publisher"">Praeger</a>",Tom Funk,2011
"Social Media, Crisis Communication and Emergency Management: Leveraging Web 2.0 Technologies","<a href=""/s/?q=CRC"" title=""Publisher"">CRC</a>",Connie White,2016
Instagram als Marketing-Kanal: Die Positionierung ausgewählter Social-Media-Plattformen,"<a href=""/s/?q=VS+Verlag+f%C3%BCr+Sozialwissenschaften"" title=""Publisher"">VS Verlag für Sozialwissenschaften</a>","Manuel Faßmann, Christoph Moss (auth.)",2016
"The Psychology and Dynamics Behind Social Media Interactions (Advances in Psychology, Mental Health, and Behavioral Studies)","<a href=""/s/?q=IGI+Global"" title=""Publisher"">IGI Global</a>",Malinda Desjarlais,2019
Deviance in Social Media and Social Cyber Forensics: Uncovering Hidden Relations Using Open Source Information (OSINF),"<a href=""/s/?q=Springer"" title=""Publisher"">Springer</a>","Samer Al-khateeb, Nitin Argawal",2019
Cases in Public Relations Management: The Rise of Social Media and Activism,"<a href=""/s/?q=Routledge"" title=""Publisher"">Routledge</a>",Patricia Swann,2014
"Successful Business Writing - How to Write Business Letters, Emails, Reports, Minutes and for Social Media - Improve Your English Writing and Grammar","<a href=""/s/?q=Universe+of+Learning+Ltd"" title=""Publisher"">Universe of Learning Ltd</a>",Heather Baker,2013
"Translation and Social Media: In Theory, in Training and in Professional Practice","<a href=""/s/?q=Palgrave+Macmillan+UK"" title=""Publisher"">Palgrave Macmillan UK</a>",Renée Desjardins (auth.),2017
The SAGE Handbook of Social Media,"<a href=""/s/?q=SAGE+Publications"" title=""Publisher"">SAGE Publications</a>","Jean Burgess, Alice E. Marwick, Thomas Poell",2018
"Hacking into Social Media Marketing: Don't succumb to their algorithm changes, Fool Proof way to gain traffic at Zero Cost",nan,"Selvan, Prabhuram",2015
"Social Media Marketing: Strategien für Twitter, Facebook & Co.","<a href=""/s/?q=O+Reilly+Verlag"" title=""Publisher"">O Reilly Verlag</a>",Tamar Weinberg,2010
Handbook of Social Media Management: Value Chain and Business Models in Changing Media Markets,"<a href=""/s/?q=Springer-Verlag+Berlin+Heidelberg"" title=""Publisher"">Springer-Verlag Berlin Heidelberg</a>","Mike Friedrichsen, Wolfgang Mühl-Benninghaus (auth.), Mike Friedrichsen, Wolfgang Mühl-Benninghaus (eds.)",2013
"Social Media for Government: A Practical Guide to Understanding, Implementing, and Managing Social Media Tools in the Public Sphere","<a href=""/s/?q=Springer+Singapore"" title=""Publisher"">Springer Singapore</a>",Gohar F. Khan (auth.),2017
Understanding Social Media : How to Create a Plan for Your Business that Works,"<a href=""/s/?q=Kogan+Page"" title=""Publisher"">Kogan Page</a>","Ryan, Damian",2015
Culture and economy in the age of social media,"<a href=""/s/?q=Routledge"" title=""Publisher"">Routledge</a>","Fuchs, Christian",2015
"BIFF: quick responses to high-conflict people, their personal attacks, hostile email and social media meltdowns","<a href=""/s/?q=High+Conflict+Institute+Press%3BUnhooked+Books"" title=""Publisher"">High Conflict Institute Press;Unhooked Books</a>","Eddy, William A",2014
301 Ways to Use Social Media To Boost Your Marketing,"<a href=""/s/?q=McGraw-Hill"" title=""Publisher"">McGraw-Hill</a>",Catherine Parker,2010
Strategic social media : from marketing to social change,"<a href=""/s/?q=Wiley-Blackwell"" title=""Publisher"">Wiley-Blackwell</a>","Mahoney, L. Meghan, Tang, Tang",2016
The Qualified Self: Social Media and the Accounting of Everyday Life,"<a href=""/s/?q=The+MIT+Press"" title=""Publisher"">The MIT Press</a>",Lee Humphreys,2018
Instagram: Visual Social Media Cultures,"<a href=""/s/?q=Polity"" title=""Publisher"">Polity</a>","Tama Leaver, Tim Highfield, Crystal Abidin",2019
"Splunk Essentials: Leverage the power of Splunk to efficiently analyze machine, log, web, and social media data","<a href=""/s/?q=Packt+Publishing"" title=""Publisher"">Packt Publishing</a>",Betsy Page Sigman,2015
Branding: What You Need to Know About Building a Personal Brand and Growing Your Small Business Using Social Media Marketing and Offline Guerrilla Tactics,"<a href=""/s/?q=Primasta"" title=""Publisher"">Primasta</a>","Barlow, Chase",2020
Crack the Social Media Sales Code: Marketing Strategy Guide to Improve Sales Acceleration Formula to Better Business,nan,"Aaron Cornwell [Cornwell, Aaron]",2016
"Big Data Analytics Using Splunk: Deriving Operational Intelligence from Social Media, Machine Data, Existing Data Warehouses, and Other Real-Time Streaming Sources","<a href=""/s/?q=Apress"" title=""Publisher"">Apress</a>","Peter Zadrozny, Raghu Kodali",2013
DIY Social Media Content Strategy,"<a href=""/s/?q=CreateSpace+Independent+Publishing+Platform"" title=""Publisher"">CreateSpace Independent Publishing Platform</a>",Astrid Haug,2015
"How To Go Viral and Reach Millions: Top Persuasion Secrets from Social Media Superstars, Jesus, Shakespeare, Oprah, and Even Donald Trump","<a href=""/s/?q=Luminare+Press"" title=""Publisher"">Luminare Press</a>",Joseph Romm,2018
The Crowdsourced Panopticon : Conformity and Control on Social Media,"<a href=""/s/?q=Rowman+%26+Littlefield"" title=""Publisher"">Rowman &amp; Littlefield</a>",Jeremy Weissman,2021
"The Digital Arts and Humanities: Neogeography, Social Media and Big Data Integrations and Applications","<a href=""/s/?q=Springer+International+Publishing"" title=""Publisher"">Springer International Publishing</a>","Charles Travis, Alexander von Lünen (eds.)",2016
Creator Culture: An Introduction to Global Social Media Entertainment,"<a href=""/s/?q=New+York+University+Press"" title=""Publisher"">New York University Press</a>",Stuart Cunningham and David Craig,2021
"The New Rules of Marketing and PR: How to Use Social Media, Blogs, News Releases, Online Video, and Viral Marketing to Reach Buyers Directly, 2nd Edition","<a href=""/s/?q=John+Wiley"" title=""Publisher"">John Wiley</a>",David Meerman Scott,2010
"How We Win: How Cutting-Edge Entrepreneurs, Political Visionaries, Enlightened Business Leaders, and Social Media Mavens Can Defeat the Extremist Threat","<a href=""/s/?q=Custom+House"" title=""Publisher"">Custom House</a>",Farah Pandith,2019
50 things to know to market your self-published book using social media,"<a href=""/s/?q=50+Things+to+Know"" title=""Publisher"">50 Things to Know</a>",Joseph Young,2014
Mining Social Media: Finding Stories in Internet Data,"<a href=""/s/?q=No+Starch+Press"" title=""Publisher"">No Starch Press</a>",Lam Thuy Vo,2019
Social Media Management: Technologies and Strategies for Creating Business Value,"<a href=""/s/?q=Springer+International+Publishing"" title=""Publisher"">Springer International Publishing</a>",Amy Van Looy (auth.),2016
"Cyberprotest: New Media, Citizens and Social Movements",nan,W. Van De Donk,2004
User-Generated Content and its Impact on Branding: How Users and Communities Create and Manage Brands in Social Media,"<a href=""/s/?q=Gabler+Verlag"" title=""Publisher"">Gabler Verlag</a>",Severin Dennhardt (auth.),2014
"Social Media in Employee Selection and Recruitment: Theory, Practice, and Current Challenges","<a href=""/s/?q=Springer+International+Publishing"" title=""Publisher"">Springer International Publishing</a>","Richard N Landers, Gordon B Schmidt (eds.)",2016
Discourse of Twitter and social media [how we use language to create affiliation on the web],"<a href=""/s/?q=Bloomsbury"" title=""Publisher"">Bloomsbury</a>","Zappavigna, Michele",2015
Professione Social Media Manager,"<a href=""/s/?q=Hoepli"" title=""Publisher"">Hoepli</a>",Veronica Gentili,2020
A Social History of the Media: From Gutenberg to the Internet,"<a href=""/s/?q=Polity"" title=""Publisher"">Polity</a>",Asa Briggs and Peter Burke,2009
Social media branding for small business : the 5-sources model : a manifesto for your branding revolution,"<a href=""/s/?q=Business+Expert+Press"" title=""Publisher"">Business Expert Press</a>","Davis, Robert",2015
Social Media in China,"<a href=""/s/?q=Springer+Singapore%3BPalgrave+Macmillan"" title=""Publisher"">Springer Singapore;Palgrave Macmillan</a>",Wenbo Kuang,2018
Renegades write the rules : how the Digital Royalty use social media to innovate,"<a href=""/s/?q=Jossey-Bass+"" title=""Publisher"">Jossey-Bass </a>",Amy Jo Martin,2012
Managing Negative Word-of-Mouth on Social Media Platforms: The Effect of Hotel Management Responses on Observers’ Purchase Intention,"<a href=""/s/?q=Gabler+Verlag"" title=""Publisher"">Gabler Verlag</a>",Ines Nee (auth.),2016
Disinformazia: La comunicazione al tempo dei social media,"<a href=""/s/?q=Marsilio"" title=""Publisher"">Marsilio</a>",Francesco Nicodemo,2017
"Charisma: Conversation Skills, Influence, Social Skills, People Skills (Communication Skills, How To Talk To Anyone, Persuasion, How To Be Charismatic, Be Magnetic)","<a href=""/s/?q=Pomodoro+Media"" title=""Publisher"">Pomodoro Media</a>","Gary Marshall [Marshall, Gary]",2014
"Global Chinese Cinema: The Culture and Politics of 'Hero' (Media, Culture and Social Change in Asia Series)","<a href=""/s/?q=Routledge"" title=""Publisher"">Routledge</a>","Gary D. Rawnsley, Ming-Yeh T. Rawnsley",2010
Social Media Measurement and Management: Entrepreneurial Digital Analytics,"<a href=""/s/?q=Routledge"" title=""Publisher"">Routledge</a>",Jeremy Harris Lipschultz,2019
"CRM at the Speed of Light: Social CRM 2.0 Strategies, Tools, and Techniques for Engaging Your Customers","<a href=""/s/?q=McGraw-Hill+Osborne+Media"" title=""Publisher"">McGraw-Hill Osborne Media</a>",Paul Greenberg,2009
LIT: The Simple Protocol for Dental Photography in the Age of Social Media,"<a href=""/s/?q=QUINTESSENCE"" title=""Publisher"">QUINTESSENCE</a>",MIGUEL A. ORTIZ,2019
"Social Media Marketing when you have NO CLUE!: Youtube, Instagram, Pinterest, Twitter, Facebook",nan,"Gabrielle, Gundi",2017
Follow me!: Erfolgreiches Social Media Marketing,"<a href=""/s/?q=Galileo+Press"" title=""Publisher"">Galileo Press</a>","Anne Grabs, Karim-Patrick Bannour",2011
"Pitch Perfect: Communicating with Traditional and Social Media for Scholars, Researchers, and Academic Leaders","<a href=""/s/?q=Stylus+Publishing"" title=""Publisher"">Stylus Publishing</a>",William Tyson,2010
Corporate Diversity Communication Strategy: An Insight Into American MNCs’ Online Communities And Social Media Engagement,"<a href=""/s/?q=Palgrave+Macmillan"" title=""Publisher"">Palgrave Macmillan</a>",Roxana D. Maiorescu-Murphy,2020
"''Power of visual storytelling: how to use visuals, videos, and social media to market your brand''","<a href=""/s/?q=McGraw-Hill+Global+Education"" title=""Publisher"">McGraw-Hill Global Education</a>","Gioglio, Jessica, Walter, Ekaterina",2014
Social Media Marketing: Strategie E Tecniche Per Aziende B2B E B2C,"<a href=""/s/?q=HOEPLI+EDITORE"" title=""Publisher"">HOEPLI EDITORE</a>","Guido Di Fraia [Fraia, Guido Di]",2015
The media and modernity: a social theory of the media,"<a href=""/s/?q=Polity+Press"" title=""Publisher"">Polity Press</a>",John Brookshire Thompson,1995
Internet: Technik – Nutzung – Social Media,"<a href=""/s/?q=Springer+Berlin+Heidelberg%3BSpringer+Vieweg"" title=""Publisher"">Springer Berlin Heidelberg;Springer Vieweg</a>","Peter Bühler, Patrick Schlaich, Dominik Sinner",2019
"Social Media, Politics and the State: Protests, Revolutions, Riots, Crime and Policing in the Age of Facebook, Twitter and YouTube","<a href=""/s/?q=Routledge"" title=""Publisher"">Routledge</a>","Daniel Trottier, Christian Fuchs",2014
Researching language and social media: a student guide,"<a href=""/s/?q=Routledge"" title=""Publisher"">Routledge</a>","Barton, David, Page, Ruth E., Unger, Johann Wolgang",2014
"Social media, organizational identity and public relations: the challenge of authenticity","<a href=""/s/?q=Routledge"" title=""Publisher"">Routledge</a>","Thurlow, Amy",2019
The Teen’s Guide to Social Media... and Mobile Devices: 21 Tips to Wise Posting in an Insecure World,"<a href=""/s/?q=Shiloh+Run+Press"" title=""Publisher"">Shiloh Run Press</a>",Jonathan McKee,2017
Social Media Mining: An Introduction,"<a href=""/s/?q=CUP"" title=""Publisher"">CUP</a>","Zafarani R., Abbasi M.A., Liu H.",2014
The Representation of Islam and Muslims in the Media,"<a href=""/s/?q=School+of+Political+and+Social+Inquiry+of+Monash+University"" title=""Publisher"">School of Political and Social Inquiry of Monash University</a>","Shahram Akbarzadeh, Bianca Smith",2005
Communication in History: Stone Age Symbols to Social Media,"<a href=""/s/?q=Routledge%2C+Taylor+%26+Francis"" title=""Publisher"">Routledge, Taylor &amp; Francis</a>","Peter Urquhart, Paul Heyer",2018
American Girls: Social Media and the Secret Lives of Teenagers,"<a href=""/s/?q=Knopf+Doubleday+Publishing+Group"" title=""Publisher"">Knopf Doubleday Publishing Group</a>","Sales, Nancy Jo",2016
The Simplified Guide to Social Media Marketing for Novices and Dummies,"<a href=""/s/?q=Independently+published"" title=""Publisher"">Independently published</a>","Layla Wood [Wood, Layla]",2021
Curso de Marketing Digital (SOCIAL MEDIA) (Spanish Edition),"<a href=""/s/?q=ANAYA+MULTIMEDIA"" title=""Publisher"">ANAYA MULTIMEDIA</a>",Miguel Ángel Florido,2019
Deceitful Media: Artificial Intelligence and Social Life after the Turing Test,"<a href=""/s/?q=Oxford+University+Press"" title=""Publisher"">Oxford University Press</a>",Simone Natale,2021
"SOCIAL MEDIA MARKETING AND ONLINE BUSINESS 2021: Beyond 2020! Rise to the top of the Main eCommerce Platforms Using the Most Unscrupulous and Winning Tactics of Instagram, YouTube & Facebook.",nan,ALLAN KANE,2020
"Filling the Void: Emotion, Capitalism and Social Media","<a href=""/s/?q=Repeater"" title=""Publisher"">Repeater</a>",Marcus Gilroy-Ware,2017
"No B.S. Guide to Direct Response Social Media Marketing: The Ultimate No Holds Barred Guide to Producing Measurable, Monetizable Results with Social Media Marketing","<a href=""/s/?q=Entrepreneur+Press"" title=""Publisher"">Entrepreneur Press</a>","Dan Kennedy, Kim Walsh-Phillips",2015
"The Dark Side of Social Media: Psychological, Managerial, and Societal Perspectives","<a href=""/s/?q=Academic+Press"" title=""Publisher"">Academic Press</a>",James M. Honeycutt,2019
"Reverse Engineering Social Media: Software, Culture, and Political Economy in New Media Capitalism","<a href=""/s/?q=Temple+University+Press"" title=""Publisher"">Temple University Press</a>",Robert W Gehl,2014
42 Rules for B2B Social Media Marketing. Learn Proven Strategies and Field-Tested Tactics through Real World Success...,"<a href=""/s/?q=Happy+About%3BSuper+Star+Press"" title=""Publisher"">Happy About;Super Star Press</a>","Michael Procopio, Peter Spielvogel, Natascha Thomson",2012
"Making Isometric Social Real-Time Games with HTML5, CSS3, and Javascript","<a href=""/s/?q=O%27Reilly+Media"" title=""Publisher"">O'Reilly Media</a>",Mario Andres Pagella,2011
"Praxiswissen Online-Marketing: Affiliate- und E-Mail-Marketing, Suchmaschinenmarketing, Online-Werbung, Social Media, Facebook-Werbung","<a href=""/s/?q=Gabler+Verlag"" title=""Publisher"">Gabler Verlag</a>",Erwin Lammenett (auth.),2017
Social Media for Business Growth: The Essential Guide to Social Media for Businesses (360 Degree Marketing for Business Growth),"<a href=""/s/?q=%23PrB.rating%230.0"" title=""Publisher"">#PrB.rating#0.0</a>","Scott Jones [Jones, Scott]",2021
"SOCIAL MEDIA MARKETING: Guida alle strategie di vendita per online marketing su Facebook e Instagram per imparare a promuovere prodotti, infoprodotti e ... products su Internet. (Italian Edition)","<a href=""/s/?q=amazon"" title=""Publisher"">amazon</a>","Miller, Anna S.",italian
Secrets to Selling Books on Social Media: Social Media Marketing for Writers - How to Get Readers to Buy Your Book,"<a href=""/s/?q=Grace+House+Press"" title=""Publisher"">Grace House Press</a>",Bethany Atazadeh & Mandi Lynn,2021
How to Become Social Media Manager,nan,JOHN JOHNSON,2021
Protecting Children Online? Cyberbullying Policies Of Social Media Companies,"<a href=""/s/?q=The+MIT+Press"" title=""Publisher"">The MIT Press</a>","Tijana Milosevic, Sonia Livingstone",2017
"Measure What Matters: Online Tools For Understanding Customers, Social Media, Engagement, and Key Relationships","<a href=""/s/?q=Wiley"" title=""Publisher"">Wiley</a>",Katie Delahaye Paine,2011
"Internet Marketing: Millionaires In The Making: Using Sh Engine Optimization, Social Media, And More To Create An Online Business","<a href=""/s/?q=CT+Publishing"" title=""Publisher"">CT Publishing</a>","Roland, Daniel",2015
Media And Social Representations Of Otherness: Psycho-Social-Cultural Implications,"<a href=""/s/?q=Springer"" title=""Publisher"">Springer</a>","Terri Mannarini, Giuseppe A. Veltri, Sergio Salvatore",2020
Influencer: Building Your Personal Brand in the Age of Social Media,"<a href=""/s/?q=Citadel+Press"" title=""Publisher"">Citadel Press</a>",Brittany Hennessy,2018
Social Media for Business: 101 Ways to Grow Your Business Without Wasting Your Time,nan,"Susan Sweeney CA  CSP  HoF, Randall Craig CFA  MBA  CMC",2010
"Social Media: Become a Social Media Marketing Master: How to Easily Start Marketing on Facebook, Twitter, Instagram, YouTube & More",nan,"Jenkins, Alex",2016
"Inbound marketing: get found using Google, social media, and blogs","<a href=""/s/?q=John+Wiley+%26+Sons"" title=""Publisher"">John Wiley &amp; Sons</a>","Halligan, Brian, Shah, Dharmesh",2014
Social Media Marketing: The Next Generation of Business Engagement,"<a href=""/s/?q=Sybex"" title=""Publisher"">Sybex</a>","Dave Evans, Susan Bratton, Jake McKee",2010
Social Media and the Internet,"<a href=""/s/?q=Rourke+Publishing%3BRourke+Educational+Media"" title=""Publisher"">Rourke Publishing;Rourke Educational Media</a>",Meg Greve,2013
"Gadget Consciousness: Collective Thought, Will and Action in the Age of Social Media","<a href=""/s/?q=Pluto+Press"" title=""Publisher"">Pluto Press</a>",Joss Hands,2019
No B.S. Guide to Direct Response Social Media Marketing,"<a href=""/s/?q=Entrepreneur+Press"" title=""Publisher"">Entrepreneur Press</a>",Dan S. Kennedy,2020
Social Media in Politics: Case Studies on the Political Power of Social Media,"<a href=""/s/?q=Springer+International+Publishing"" title=""Publisher"">Springer International Publishing</a>","Bogdan Pătruţ, Monica Pătruţ (eds.)",2014
"The Power of Visual Storytelling: How to Use Visuals, Videos, and Social Media to Market Your Brand",nan,"Ekaterina Walter, Jessica Gioglio",2014
"Postfeminist Digital Cultures: Femininity, Social Media, and Self-Representation","<a href=""/s/?q=Palgrave+Macmillan+US"" title=""Publisher"">Palgrave Macmillan US</a>",Amy Shields Dobson (auth.),2015
Digital Influence Warfare in the Age of Social Media (Praeger Security International),"<a href=""/s/?q=Praeger+Publishers+Inc"" title=""Publisher"">Praeger Publishers Inc</a>",James J. F. Forest,2021
"Social Evolution, Political Psychology, and the Media in Democracy","<a href=""/s/?q=Palgrave+Macmillan"" title=""Publisher"">Palgrave Macmillan</a>","Beattie, Peter",2019
A Woman Like Her: The Story Behind the Honor Killing of a Social Media Star,"<a href=""/s/?q=Melville+House"" title=""Publisher"">Melville House</a>",Sanam Maher,2020
Customer Service: New Rules for a Social Media World (Que Biz-Tech),"<a href=""/s/?q=Que"" title=""Publisher"">Que</a>",Peter Shankman,2010
Graph-based social media analysis,"<a href=""/s/?q=CRC+Press"" title=""Publisher"">CRC Press</a>","Pitas, Ioannis",2016
ASWB Masters Exam Secrets Study Guide: ASWB Test Review for the Association of Social Work Boards Exam,"<a href=""/s/?q=Mometrix+Media+LLC"" title=""Publisher"">Mometrix Media LLC</a>",ASWB Exam Secrets Test Prep Team,2014
Social Media e Sentiment Analysis: L’evoluzione dei fenomeni sociali attraverso la Rete,"<a href=""/s/?q=Springer+Milan"" title=""Publisher"">Springer Milan</a>","Andrea Ceron, Luigi Curini, Stefano M. Iacus (auth.)",2014
"LA BIBBIA DEL SEO: Guida pratica all'ottimizzazione strategica per Google per ottenere traffico con Web Marketing, Social Media, Copywriting Online, Ecommerce ... (Online Marketing Vol. 1) (Italian Edition)","<a href=""/s/?q=amazon"" title=""Publisher"">amazon</a>","Padovesi, Luigi",italian
Curso Especialista en publicidad digital y embudos de venta (SOCIAL MEDIA) (Spanish Edition),"<a href=""/s/?q=ANAYA+MULTIMEDIA"" title=""Publisher"">ANAYA MULTIMEDIA</a>",Miguel Ángel Florido & Rubén Máñez & Cova Díaz & Carlos Pinzón & Antonio Ortega,2021
Application of Social Media in Crisis Management: Advanced Sciences and Technologies for Security Applications,"<a href=""/s/?q=Springer+International+Publishing"" title=""Publisher"">Springer International Publishing</a>","Babak Akhgar, Andrew Staniforth, David Waddington (eds.)",2017
Image Testimonies Witnessing In Times Of Social Media,"<a href=""/s/?q=Routledge%2F"" title=""Publisher"">Routledge/</a>","Kerstin Schankweiler, Verena Straub, Tobias Wendl",2019
Visualizing the Data City: Social Media as a Source of Knowledge for Urban Planning and Management,"<a href=""/s/?q=Springer+International+Publishing"" title=""Publisher"">Springer International Publishing</a>","Paolo Ciuccarelli, Giorgia Lupi, Luca Simeone (auth.)",2014
Getting a Social Media Job For Dummies,"<a href=""/s/?q=Wiley"" title=""Publisher"">Wiley</a>","Brooks Briz, David Rose",2015
Social Media Law in a Nutshell,"<a href=""/s/?q=West+Academic"" title=""Publisher"">West Academic</a>","Ryan Garcia, Thaddeus A Hoffmeister",2017
Personal Relationships and Intimacy in the Age of Social Media,"<a href=""/s/?q=Springer+International+Publishing%2CPalgrave+Pivot"" title=""Publisher"">Springer International Publishing,Palgrave Pivot</a>",Cristina Miguel,2018
Social Media Marketing: Game Theory and the Emergence of Collaboration,"<a href=""/s/?q=Springer-Verlag+Berlin+Heidelberg"" title=""Publisher"">Springer-Verlag Berlin Heidelberg</a>",Eric Anderson (auth.),2010
Subjective Well-Being and Social Media,"<a href=""/s/?q=Chapman+and+Hall%2FCRC"" title=""Publisher"">Chapman and Hall/CRC</a>",S.M. Iacus & G. Porro,2022
The Routledge companion to social media and politics,"<a href=""/s/?q=Routledge"" title=""Publisher"">Routledge</a>",Axel Bruns (editor),2018
Mobile and Social Media Journalism: A Practical Guide for Multimedia Journalism,"<a href=""/s/?q=Routledge"" title=""Publisher"">Routledge</a>",Anthony Adornato,2021
Maximize Your Social: A One-Stop Guide to Building a Social Media Strategy for Marketing and Business Success,"<a href=""/s/?q=Wiley"" title=""Publisher"">Wiley</a>",Neal Schaffer,2013
Building an information security awareness program : defending against social engineering hacks,"<a href=""/s/?q=Syngress+Media+Inc%2C+Syngress%2C+Elsevier+Inc"" title=""Publisher"">Syngress Media Inc, Syngress, Elsevier Inc</a>",Bill Gardner,2014
The Complete Social Media Community Manager's Guide: Essential Tools and Tactics for Business Success,"<a href=""/s/?q=Sybex"" title=""Publisher"">Sybex</a>","Marty Weintraub, Lauren Litwinka",2013
Political Turbulence: How Social Media Shape Collective Action,"<a href=""/s/?q=Princeton+University+Press"" title=""Publisher"">Princeton University Press</a>","Helen Margetts, Peter John, Scott Hale, Taha Yasseri",2015
"Text und Konzeption im Content Marketing : Alle wichtigen Grundlagen für Print, Web, Corporate Blogs und Social Media","<a href=""/s/?q=Springer+Fachmedien+Wiesbaden"" title=""Publisher"">Springer Fachmedien Wiesbaden</a>",Sandro Abbate (auth.),2017
Social Media and e-Diplomacy in China: Scrutinizing the Power of Weibo,"<a href=""/s/?q=Palgrave+Pivot%2C+New+York"" title=""Publisher"">Palgrave Pivot, New York</a>",Ying Jiang (auth.),2017
"Inbound Marketing: Get Found Using Google, Social Media, and Blogs (New Rules Social Media Series)","<a href=""/s/?q=Wiley"" title=""Publisher"">Wiley</a>","Brian Halligan, Dharmesh Shah",2009
Why Social Media is Ruining Your Life,"<a href=""/s/?q=Cassell+Illustrated"" title=""Publisher"">Cassell Illustrated</a>",Katherine Ormerod,2018
Advertising 2.0: Social Media Marketing in a Web 2.0 World,"<a href=""/s/?q=Praeger"" title=""Publisher"">Praeger</a>",Tracy L. Tuten,2008
"Follow me! Erfolgreiches Social Media Marketing mit Facebook, Instagram, LinkedIn und Co.","<a href=""/s/?q=Rheinwerk+Verlag"" title=""Publisher"">Rheinwerk Verlag</a>","Karim-Patrick Bannour, Anne Grabs, Elisabeth Vogl",2021
Working the Crowd: Social Media Marketing for Business,"<a href=""/s/?q=British+Informatics+Society+Ltd"" title=""Publisher"">British Informatics Society Ltd</a>",Eileen Brown,2010
Branding Yourself: How to Use Social Media to Invent or Reinvent Yourself,"<a href=""/s/?q=Que"" title=""Publisher"">Que</a>","Erik Deckers, Kyle Lacy",2010
From Corporate to Social Media: Critical Perspectives on Corporate Social Responsibility in Media and Communication Industries,"<a href=""/s/?q=Routledge"" title=""Publisher"">Routledge</a>",Marisol Sandoval,2014
Social media warfare : equal weapons for all,"<a href=""/s/?q=CRC%2FTaylor+%26+Francis%3B+Auerbach+Publications"" title=""Publisher"">CRC/Taylor &amp; Francis; Auerbach Publications</a>","Erbschloe, Michael",2017
Graph-based Social Media Analysis; Volume in Chapman& Hall-CRC Data Mining and Knowledge Discovery Series – CRC-Taylor & Francis-Chapman & Hall,nan,"Pitas I., (Ed.), (2016)",english
"New Feminisms in South Asian Social Media, Film, and Literature: Disrupting the Discourse","<a href=""/s/?q=Routledge"" title=""Publisher"">Routledge</a>","Sonora Jha (editor), Alka Kurian (editor)",2017
The Politics of Social Media Manipulation,"<a href=""/s/?q=Amsterdam+University+Press"" title=""Publisher"">Amsterdam University Press</a>",Richard Rogers and Sabine Niederer,2020
Big Data and Social Media Analytics: Trending Applications,"<a href=""/s/?q=Springer"" title=""Publisher"">Springer</a>","Mehmet Çakırtaş, Mehmet Kemal Ozdemir",2021
"Social Media Marketing, 3rd Edition (Quickstudy Business)","<a href=""/s/?q=Quickstudy+Reference+Guides"" title=""Publisher"">Quickstudy Reference Guides</a>",Paul & Sarah Edwards,2021
"Optimize: How to Attract and Engage More Customers by Integrating SEO, Social Media, and Content Marketing","<a href=""/s/?q=Wiley"" title=""Publisher"">Wiley</a>",Lee Odden,2012
"Sport Teams, Fans, and Twitter: The Influence of Social Media on Relationships and Branding","<a href=""/s/?q=Lexington+Books"" title=""Publisher"">Lexington Books</a>",Brandi Watkins,2018
"Programming Social Applications: Building Viral Experiences with OpenSocial, OAuth, OpenID, and Distributed Web Frameworks","<a href=""/s/?q=O%27Reilly+Media"" title=""Publisher"">O'Reilly Media</a>",Jonathan LeBlanc,2011
Die Geheimnisse erfolgreichen YouTube-Marketings: Von YouTubern lernen und Social Media Chancen nutzen,"<a href=""/s/?q=Springer+Berlin+Heidelberg"" title=""Publisher"">Springer Berlin Heidelberg</a>","Marc Oliver Opresnik, Oguz Yilmaz (auth.)",2016
"Virtual and Augmented Reality, Simulation and Serious Games for Education (Gaming Media and Social Effects)","<a href=""/s/?q=Springer"" title=""Publisher"">Springer</a>","Yiyu Cai (editor), Wouter van Joolingen (editor), Koen Veermans (editor)",2021
Mastering Social Media Mining with R: Extract valuable data from your social media sites and make better business decisions using R,"<a href=""/s/?q=Packt+Publishing"" title=""Publisher"">Packt Publishing</a>","Sharan Kumar Ravindran, Vikram Garg",2015
The End of Forgetting: Growing Up with Social Media,"<a href=""/s/?q=Harvard+University+Press"" title=""Publisher"">Harvard University Press</a>",Kate Eichhorn,2019
"Social Media Marketing when you have NO CLUE!: Youtube, Instagram, Pinterest, Twitter, Facebook (Influencer Fast Track Series 5)",nan,"Gundi Gabrielle [Gabrielle, Gundi]",2017
Ultimate Guide to Social Media Marketing,"<a href=""/s/?q=Entrepreneur+Press"" title=""Publisher"">Entrepreneur Press</a>",Eric Butow,2020
Do SEO content marketing competitor research PPC and social media marketing from just one platform,"<a href=""/s/?q=semrush+"" title=""Publisher"">semrush </a>",semrush,2020
Social Media Engagement For Dummies,"<a href=""/s/?q=For+Dummies"" title=""Publisher"">For Dummies</a>","Aliza Sherman, Danielle Elliott Smith",2013
The citizen marketer : promoting political opinion in the social media age,"<a href=""/s/?q=Oxford+University+Press"" title=""Publisher"">Oxford University Press</a>","Penney, Joel",2017
"Zehn Gründe, warum du deine Social Media Accounts sofort löschen musst (German Edition)",nan,Jaron Lanier,2018
Influencer: Building Your Personal Brand in the Age of Social Media,"<a href=""/s/?q=Citadel+Press"" title=""Publisher"">Citadel Press</a>",Brittany Hennessy,2018
Social Media as a Space for Peace Education: The Pedagogic Potential of Online Networks,"<a href=""/s/?q=Palgrave+Macmillan"" title=""Publisher"">Palgrave Macmillan</a>","M. Ayaz Naseem, Adeela Arshad-Ayaz",2020
"How to Make Money Online 7 in 1 Box Set: Make Money Online, Social Media, Instagram, Etsy, Amazon FBA, Habit Stacking Project and Google Drive","<a href=""/s/?q=UNKNOWN"" title=""Publisher"">UNKNOWN</a>","Hunter, Frank & Jones, David & Jones, Olivia & Brown, Donald & Coleman, Tyler & Robinson, Noah",2016
"History, Disrupted: How Social Media and the World Wide Web Have Changed the Past","<a href=""/s/?q=Palgrave+Macmillan"" title=""Publisher"">Palgrave Macmillan</a>",Jason Steinhauer,2021
The Technology of Nonviolence: Social Media and Violence Prevention,"<a href=""/s/?q=The+MIT+Press"" title=""Publisher"">The MIT Press</a>","Joseph G. Bock, John Paul Lederach",2012
"50 Digital Team-Building Games. Fast, Fun Meeting Openers, Group Activities and Adventures using Social Media,...","<a href=""/s/?q=John+Wiley+%26+Sons%3BWiley"" title=""Publisher"">John Wiley &amp; Sons;Wiley</a>",John Chen,2012
"2011 Social Media Directory: The Ultimate Guide to Facebook, Twitter, and LinkedIn Resources","<a href=""/s/?q=Que+Publishing"" title=""Publisher"">Que Publishing</a>",Jeffery A. Riley,2010
Der Social-Media-Zyklus: Schritt für Schritt zum systematischen Social-Media-Management im Unternehmen,"<a href=""/s/?q=Springer+Fachmedien+Wiesbaden%2CSpringer+Gabler"" title=""Publisher"">Springer Fachmedien Wiesbaden,Springer Gabler</a>",Alexander Decker,2019
The Public and Their Platforms: Public Sociology in an Era of Social Media,"<a href=""/s/?q=Bristol+University+Press"" title=""Publisher"">Bristol University Press</a>",Mark Carrigan and Lambros Fatsis,2021
Abenteuer Informatik: IT zum Anfassen für alle von 9 bis 99 – vom Navi bis Social Media,"<a href=""/s/?q=Springer-Verlag+Berlin+Heidelberg"" title=""Publisher"">Springer-Verlag Berlin Heidelberg</a>",Jens Gallenbacher (auth.),2017
"Mining the Social Web: Analyzing Data from Facebook, Twitter, LinkedIn, and Other Social Media Sites","<a href=""/s/?q=O%27Reilly+Media"" title=""Publisher"">O'Reilly Media</a>",Matthew A. Russell,2011
Critical Perspectives on Social Media and Protest: Between Control and Emancipation,"<a href=""/s/?q=Rowman+%26+Littlefield+International"" title=""Publisher"">Rowman &amp; Littlefield International</a>","Lina Dencik, Oliver Leistert",2015
"Social Media Law for Business: A Practical Guide for Using Facebook, Twitter, Google +, and Blogs Without Stepping on Legal Land Mines","<a href=""/s/?q=McGraw-Hill"" title=""Publisher"">McGraw-Hill</a>",Glen Gilmore,2015
"The New Rules of Marketing & PR : How to Use Social Media, Online Video, Mobile Applications, Blogs, News Releases, and Viral Marketing to Reach Buyers Directly","<a href=""/s/?q=John+Wiley+%26+Sons"" title=""Publisher"">John Wiley &amp; Sons</a>",David Meerman Scott,2011
L'Histoire est une littérature contemporaine . Manifeste pour les sciences sociales: Manifeste pour les sciences sociales,"<a href=""/s/?q=M%C3%A9dia+Diffusion"" title=""Publisher"">Média Diffusion</a>",Ivan Jablonka,2014
Digital Dilemmas: Exploring Social Media Ethics In Organizations,"<a href=""/s/?q=Palgrave+Macmillan"" title=""Publisher"">Palgrave Macmillan</a>",Øyvind Kvalnes,2020
"Wanghong as Social Media Entertainment in China (Palgrave Studies in Globalization, Culture and Society)","<a href=""/s/?q=Palgrave+Macmillan"" title=""Publisher"">Palgrave Macmillan</a>","David Craig, Jian Lin, Stuart Cunningham",2021
Digital Activism in the Social Media Era: Critical Reflections on Emerging Trends in Sub-Saharan Africa,"<a href=""/s/?q=Palgrave+Macmillan"" title=""Publisher"">Palgrave Macmillan</a>",Bruce Mutsvairo (eds.),2016
Influencer-Marketing: Informationspflichten bei Werbung durch Meinungsführer in Social Media,"<a href=""/s/?q=Springer+Fachmedien+Wiesbaden"" title=""Publisher"">Springer Fachmedien Wiesbaden</a>",Peter J. Fries,2019
"The Social Media Bible: Tactics, Tools, and Strategies for Business Success","<a href=""/s/?q=Wiley"" title=""Publisher"">Wiley</a>","Lon Safko, David K. Brake",2009
Social Media and Local Governments: Theory and Practice,"<a href=""/s/?q=Springer+International+Publishing"" title=""Publisher"">Springer International Publishing</a>",Mehmet Zahid Sobaci (eds.),2016
New Money: How Payment Became Social Media,"<a href=""/s/?q=Yale+University+Press"" title=""Publisher"">Yale University Press</a>",Lana Swartz,2020
"Make Money Online: Fiverr: Complete Step-by-Step Guide to Make a Full Time Income! (How To Make Money Online, Quit Your Job, Entrepreneur, Internet Marketing, Social Media Marketing, Passive Income)",nan,"Andrew Flynn [Flynn, Andrew]",2016
Social Media Campaigns: Strategies for Public Relations and Marketing,"<a href=""/s/?q=Routledge"" title=""Publisher"">Routledge</a>",Carolyn Mae Kim,2020
Mastering social media mining with python : acquire and analyze data from all corners of the social web with Python,"<a href=""/s/?q=Packt+Publishing"" title=""Publisher"">Packt Publishing</a>",Marco Bonzanini,2016
B2B-Online-Marketing und Social Media: Ein Praxisleitfaden,"<a href=""/s/?q=Gabler+Verlag"" title=""Publisher"">Gabler Verlag</a>","Ralf T. Kreutzer, Andrea Rumler, Benjamin Wille-Baumkauff (auth.)",2015
The Linked Photographers' Guide to Online Marketing and Social Media,nan,"Lindsay Renee Adler, Rosh Sillars",2010
Leave Your Mark: Land Your Dream Job. Kill It in Your Career. Rock Social Media.,"<a href=""/s/?q=Grand+Central+Publishing"" title=""Publisher"">Grand Central Publishing</a>","Kerpen, Dave, Licht, Aliza",2018
RussiaGate and Propaganda: Disinformation in the Age of Social Media,"<a href=""/s/?q=Routledge"" title=""Publisher"">Routledge</a>",Oliver Boyd-Barrett,2019
Digital Trust: Social Media Strategies to Increase Trust and Engage Customers,"<a href=""/s/?q=Bloomsbury+Business"" title=""Publisher"">Bloomsbury Business</a>",Barry Connolly,2020
Human-Centered Social Media Analytics,"<a href=""/s/?q=Springer+International+Publishing"" title=""Publisher"">Springer International Publishing</a>",Yun Fu (eds.),2014
Social Media Entertainment: The New Intersection of Hollywood and Silicon Valley (Postmillennial Pop),"<a href=""/s/?q=NYU+Press"" title=""Publisher"">NYU Press</a>","Stuart Cunningham, David Craig",2019
"''Power of visual storytelling: how to use visuals, videos, and social media to market your brand''","<a href=""/s/?q=McGraw-Hill+Education"" title=""Publisher"">McGraw-Hill Education</a>","Gioglio, Jessica, Walter, Ekaterina",2014
Hallyu 2.0: The Korean Wave in the Age of Social Media,"<a href=""/s/?q=University+of+Michigan+Press"" title=""Publisher"">University of Michigan Press</a>",Sangjoon Lee and Abé Mark Nornes,2015
Unlike Us Reader: Social Media Monopolies and Their Alternatives,"<a href=""/s/?q=Institute+of+Network+Cultures"" title=""Publisher"">Institute of Network Cultures</a>",Geert Lovink and Miriam Rasch,2013
Social Media Strategy in Policing: From Cultural Intelligence to Community Policing,"<a href=""/s/?q=Springer+International+Publishing"" title=""Publisher"">Springer International Publishing</a>","Babak Akhgar, Petra Saskia Bayerl, George Leventakis",2019
Mining the Social Web,"<a href=""/s/?q=O%27Reilly+Media%2C+Inc."" title=""Publisher"">O'Reilly Media, Inc.</a>","Mikhail Klassen, Matthew A. Russell",2019
"Social Theory: After The Internet Media, Technology, And Globalization","<a href=""/s/?q=UCL+Press"" title=""Publisher"">UCL Press</a>",Ralph Schroeder,2018
Social Media Metrics: How to Measure and Optimize Your Marketing Investment (New Rules Social Media Series),"<a href=""/s/?q=Wiley"" title=""Publisher"">Wiley</a>",Jim Sterne,2010
"Emotions, Technology, and Social Media","<a href=""/s/?q=Academic+Press"" title=""Publisher"">Academic Press</a>",Sharon Tettegah,2016
Social Media for Trainers: Techniques for Enhancing and Extending Learning,"<a href=""/s/?q=Pfeiffer"" title=""Publisher"">Pfeiffer</a>",Jane Bozarth,2010
Social Media for Writers: Marketing Strategies for Building Your Audience and Selling Books,"<a href=""/s/?q=Writers+Digest+Books"" title=""Publisher"">Writers Digest Books</a>","Tee Morris, Pip Ballantine",2015
Inhuman Networks: Social Media and the Archaeology of Connection,"<a href=""/s/?q=Bloomsbury"" title=""Publisher"">Bloomsbury</a>",Grant Bollmer,2016
Share This: the Social Media Handbook for PR Professionals,"<a href=""/s/?q=Wiley"" title=""Publisher"">Wiley</a>",CIPR (Chartered Institute of Public Relations),2012
"Social Media 101: Awakening the Dinosaur: How to Use Social Media Platforms. Where, What, and How... A Beginner’s Guide",nan,"Daniel Zane Bryan [Bryan, Daniel Zane]",2021
"Designing Social Interfaces: Principles, Patterns, and Practices for Improving the User Experience","<a href=""/s/?q=O%27Reilly+Media"" title=""Publisher"">O'Reilly Media</a>","Christian Crumlish, Erin Malone",2014
Social Media Marketing: Manuale di comunicazione aziendale 2.0 (Italian Edition),"<a href=""/s/?q=Hoepli"" title=""Publisher"">Hoepli</a>","Fraia, Guido Di [Fraia, Guido Di]",2012
Tell Me About Yourself: Personal Branding and Social Media Recruiting in the Brave New Online World,"<a href=""/s/?q=Business+Expert+Press"" title=""Publisher"">Business Expert Press</a>",Stavros Papakonstantinidis,2018
"The impact of social media on the Arab uprisings: The Facebook, Twitter, and YouTube revolutions?",nan,Norris Pippa.,english
Create And Be Seen: A complete guide to Social Media Marketing,"<a href=""/s/?q=National+Library+of+South+Africa"" title=""Publisher"">National Library of South Africa</a>",Marlize Marais,2021
Putting the Public Back in Public Relations: How Social Media Is Reinventing the Aging Business of PR,"<a href=""/s/?q=FT+Press"" title=""Publisher"">FT Press</a>","Brian Solis, Deirdre Breakenridge",2009
"Business Models for the Social Mobile Cloud: Transform Your Business Using Social Media, Mobile Internet, and Cloud Computing","<a href=""/s/?q=Wiley"" title=""Publisher"">Wiley</a>",Ted Shelton(auth.),2013
"The Rise of the Social Sciences and the Formation of Modernity: Conceptual Change in Context, 1750–1850","<a href=""/s/?q=Springer+Science%2BBusiness+Media+Dordrecht"" title=""Publisher"">Springer Science+Business Media Dordrecht</a>","Johan Heilbron, Lars Magnusson, Björn Wittrock (eds.), Peter Hanns Reill, Randall Collins, Keith Tribe, Éric Brian, Michael Donnelly (auth.), ",1998
"How Algorithms Create and Prevent Fake News: Exploring the impacts of Social Media, Deepfakes, GPT-3, and More","<a href=""/s/?q=Apress"" title=""Publisher"">Apress</a>",Noah Giansiracusa,2021
The Social Media Reader,"<a href=""/s/?q=NYU+Press"" title=""Publisher"">NYU Press</a>",Michael Mandiberg,2012
Liberation Technology Social Media and the Struggle for Democracy,"<a href=""/s/?q=Johns+Hopkins+University+Press"" title=""Publisher"">Johns Hopkins University Press</a>","Marc F. Plattner, Larry Jay Diamond, ",2012
"Pain Generation: Social Media, Feminist Activism, and the Neoliberal Selfie","<a href=""/s/?q=New+York+University+Press"" title=""Publisher"">New York University Press</a>",L. Ayu Saraswati,2021
"How Algorithms Create and Prevent Fake News: Exploring the Impacts of Social Media, Deepfakes, GPT-3, and More","<a href=""/s/?q=Apress"" title=""Publisher"">Apress</a>",Noah Giansiracusa,2021
"Social BOOM!: How to Master Business Social Media to Brand Yourself, Sell Yourself, Sell Your Product, Dominate Your Industry Market, Save Your Butt, ... and Grind Your Competition into the Dirt","<a href=""/s/?q=FT+Press"" title=""Publisher"">FT Press</a>",Jeffrey Gitomer,2011
"Television in India: Satellites, Politics and Cultural Change (Media, Culture and Social Change in Asia Series)","<a href=""/s/?q=Routledge"" title=""Publisher"">Routledge</a>",Nalin Mehta,2008
Beyond Slacktivism: Political Participation on Social Media,"<a href=""/s/?q=Springer+International+Publishing%2CPalgrave+Macmillan"" title=""Publisher"">Springer International Publishing,Palgrave Macmillan</a>",James Dennis,2019
Social Media 101: Tactics and Tips to Develop Your Business Online,nan,Chris Brogan,2010
"Erfolgreiches Social Media Marketing: Konzepte, Maßnahmen und Praxisbeispiele","<a href=""/s/?q=Gabler+Verlag"" title=""Publisher"">Gabler Verlag</a>","Michael Ceyp, Juhn-Petter Scupin (auth.)",2013
"Pioneers of Digital: Success Stories from Leaders in Advertising, Marketing, Search and Social Media","<a href=""/s/?q=Kogan+Page"" title=""Publisher"">Kogan Page</a>","Paul Springer, Mel Carson",2012
Médias et société - la perspective de la communication sociale,"<a href=""/s/?q=Presses+de+l%27Universit%C3%A9+du+Qu%C3%A9bec"" title=""Publisher"">Presses de l'Université du Québec</a>",Jason Luckerhoff,2016
"No B.S. Guide to Direct Response Social Media Marketing: The Ultimate No Holds Barred Guide to Producing Measurable, Monetizable Results with Social Media Marketing","<a href=""/s/?q=Entrepreneur+Press"" title=""Publisher"">Entrepreneur Press</a>","Dan S. Kennedy, Kim Walsh-Phillips",2015
Socialnomics: How Social Media Transforms the Way We Live and Do Business,"<a href=""/s/?q=Wiley"" title=""Publisher"">Wiley</a>",Erik Qualman,2009
Interactive Multimedia Learning: Using Social Media for Peer Education in Single-Player Educational Games,"<a href=""/s/?q=Springer+International+Publishing"" title=""Publisher"">Springer International Publishing</a>",Johannes Konert (auth.),2015
Social Media: Usage and Impact,"<a href=""/s/?q=Lexington+Books"" title=""Publisher"">Lexington Books</a>","Hana S. Noor Al-Deen, John Allen Hendricks",2011
"Content Nation: Surviving and Thriving as Social Media Changes Our Work, Our Lives, and Our Future","<a href=""/s/?q=Wiley"" title=""Publisher"">Wiley</a>",John Blossom,2009
"Embracing Technology: Get Tech-Savvy by Learning About Your Computer, Smartphone, Internet, and Social Media Applications (English Edition)","<a href=""/s/?q=BPB+Publications"" title=""Publisher"">BPB Publications</a>","Grover, Maniik R",2021
The Dark Side of Social Media: A Consumer Psychology Perspective,"<a href=""/s/?q=Routledge"" title=""Publisher"">Routledge</a>",Angeline Close Scheinbaum (editor),2017
The Power of Real-Time Social Media Marketing: How to Attract and Retain Customers and Grow the Bottom Line in the Globally Connected World,"<a href=""/s/?q=McGraw-Hill"" title=""Publisher"">McGraw-Hill</a>","Beverly Macy, Teri Thompson",2010
"Social media hacking: Hack Facebook,what's app,instagram,twitter accounts",nan,Shekhar mishra,2018
New Korean Wave: Transnational Cultural Power in the Age of Social Media,"<a href=""/s/?q=University+of+Illinois+Press"" title=""Publisher"">University of Illinois Press</a>",Dal Yong Jin,2016
"Advanced Social Media Marketing: How to Lead, Launch, and Manage a Successful Social Media Program","<a href=""/s/?q=Apress"" title=""Publisher"">Apress</a>",Tom Funk (auth.),2013
"Social media hacking: Hack Facebook,what's app,instagram,twitter accounts",nan,Shekhar mishra,2018
A Therapist's Guide to Treating Eating Disorders in a Social Media Age,"<a href=""/s/?q=W.+W.+Norton+%26+Company"" title=""Publisher"">W. W. Norton &amp; Company</a>",Shauna Frisbie,2020
"I'm a Therapist, and My Patient is a Vegan Terrorist: 6 Deadly Social Media Influencers",nan,Dr. Harper,2020
Big Data Analytics in Cognitive Social Media and Literary Texts: Theory and Praxis,"<a href=""/s/?q=Springer"" title=""Publisher"">Springer</a>","Sanjiv Sharma, Valiur Rahaman, G.R. Sinha",2021
Social Media Generation in Urban China: A Study of Social Media Use and Addiction among Adolescents,"<a href=""/s/?q=Springer-Verlag+Berlin+Heidelberg"" title=""Publisher"">Springer-Verlag Berlin Heidelberg</a>",Hanyun Huang (auth.),2014
Breeding His Social Media Slut Daughter,"<a href=""/s/?q=I+Luv+SmutBux"" title=""Publisher"">I Luv SmutBux</a>",Zee DeeDee,english
Museum Communication and Social Media: The Connected Museum,"<a href=""/s/?q=Routledge"" title=""Publisher"">Routledge</a>","Kirsten Drotner, Kim Christian Schrøder",2013
"Modern Marketing Resh: Maximizing Your Modern Marketing Skills, Making More Money, SEO, Social Media, Internet Marketing","<a href=""/s/?q=FreniQ+Books"" title=""Publisher"">FreniQ Books</a>","Odame, Paul, Jubi, Gloria",2015
Analyzing Social Media Networks with NodeXL: Insights from a Connected World,"<a href=""/s/?q=Morgan+Kaufmann"" title=""Publisher"">Morgan Kaufmann</a>","Derek Hansen, Ben Shneiderman, Marc A. Smith",2010
Critical Theory and Social Media: Between Emancipation and Commodification,"<a href=""/s/?q=Routledge"" title=""Publisher"">Routledge</a>",Thomas  Allmer,2015
Ideology and the Image: Social Representation in the Cinema and Other Media,"<a href=""/s/?q=Indiana+University+Press"" title=""Publisher"">Indiana University Press</a>",Bill Nichols,1981
Algorithmic Desire: Toward a New Structuralist Theory of Social Media,"<a href=""/s/?q=Northwestern+University+Press"" title=""Publisher"">Northwestern University Press</a>",Matthew Flisfeder,2021
Social Media Marketing Workbook: How to Use Social Media for Business,"<a href=""/s/?q=CreateSpace+Independent+Publishing+Platform"" title=""Publisher"">CreateSpace Independent Publishing Platform</a>",Jason McDonald,2018
Automatic Detection of Irony: Opinion Mining in Microblogs and Social Media,"<a href=""/s/?q=Wiley-ISTE"" title=""Publisher"">Wiley-ISTE</a>","Jihen Karoui, Farah Benamara, Véronique Moriceau",2019
The Limitations of Social Media Feminism: No Space of Our Own,"<a href=""/s/?q=Palgrave+Macmillan"" title=""Publisher"">Palgrave Macmillan</a>",Jessica Megarry,2020
Influence: How Social Media Influencers Are Shaping Our Digital Future,"<a href=""/s/?q=Bloomsbury+Publishing"" title=""Publisher"">Bloomsbury Publishing</a>",Sara McCorquodale,2019
"i-Minds: How Cell Phones, Computers, Gaming, and Social Media are Changing our Brains, our Behavior, and the Evolution of our Species","<a href=""/s/?q=New+Society+Publishers"" title=""Publisher"">New Society Publishers</a>",Mari Swingle,2016
The Right People: The Social Establishment in America,"<a href=""/s/?q=Open+Road+Media"" title=""Publisher"">Open Road Media</a>","Birmingham, Stephen",2015
Social Media and Electronic Commerce Law,"<a href=""/s/?q=Cambridge+University+Press"" title=""Publisher"">Cambridge University Press</a>",Alan Davidson,2016
"The New Rules of Marketing & PR: How to Use Social Media, Online Video, Mobile Applications, Blogs, News Releases, and Viral Marketing to Reach Buyers Directly","<a href=""/s/?q=Wiley"" title=""Publisher"">Wiley</a>",David Meerman Scott,2013
"Media Effects and Beyond: Culture, Socialization and Lifestyles","<a href=""/s/?q=Routledge"" title=""Publisher"">Routledge</a>",Karl Erik Rosengren,1994
"The Everything Guide to Understanding Socialism: The political, social, and economic concepts behind this complex theory (Everything Series)","<a href=""/s/?q=Adams+Media"" title=""Publisher"">Adams Media</a>",Pamela Toler,2011
The PayPal Official Insider Guide to Selling with Social Media: Make money through viral marketing,"<a href=""/s/?q=Peachpit+Press"" title=""Publisher"">Peachpit Press</a>",Brian Proffitt,2011
An Introduction to Social Media Marketing,"<a href=""/s/?q=Routledge"" title=""Publisher"">Routledge</a>",Alan Charlesworth,2014
"Superconnected: The Internet, Digital Media, and Techno-Social Life",nan,Chayko Mary.,english
The Happiness Effect: How Social Media is Driving a Generation to Appear Perfect at Any Cost,"<a href=""/s/?q=Oxford+University+Press+Inc"" title=""Publisher"">Oxford University Press Inc</a>","Donna Freitas, Christian Smith",2017
Mining the Social Web,"<a href=""/s/?q=O%27Reilly+Media%2C+Inc"" title=""Publisher"">O'Reilly Media, Inc</a>","Klassen, Mikhail, Russell, Matthew A",2019
"Affect and Social Media: Emotion, Mediation, Anxiety and Contagion","<a href=""/s/?q=Rowman+%26+Littlefield"" title=""Publisher"">Rowman &amp; Littlefield</a>","Tony D. Sampson, Stephen Maddison, Darren Ellis",2018
"Social Media and Politics in Africa: Democracy, Censorship and Security","<a href=""/s/?q=Zed+Books"" title=""Publisher"">Zed Books</a>",Maggie Dwyer and Thomas Molony,2019
Public Relations and the Social Web: How to Use Social Media and Web 2.0 in Communications,"<a href=""/s/?q=Kogan+Page"" title=""Publisher"">Kogan Page</a>",Rob Brown,2009
